NR, 1, 2, 3, 4, 5, 6, 7, 8
1,10,60,10,3,30,30,3,50
2,20,68,10,3,29,30,3,50
3,20,32,11,3,30,30,3,50
4,20,16,12,3,30,30,2,50
5,20,10,12,3,30,30,2,50
6,20,8,13,3,30,29,2,50
7,20,10,14,3,30,29,2,50
8,20,12,15,3,30,29,2,50
9,20,11,15,2,30,29,2,50
10,20,8,16,3,30,29,2,50
11,20,12,16,3,30,29,2,50
12,20,10,17,3,30,29,2,50
13,19,10,17,3,30,28,2,50
14,18,14,18,3,30,28,2,50
15,18,11,18,4,30,28,2,50
16,20,16,18,4,30,28,2,50
17,20,15,18,4,30,27,3,50
18,20,9,18,4,30,28,3,50
19,20,11,19,4,30,27,3,51
20,17,10,20,4,30,27,3,51
21,15,13,21,4,30,27,3,52
22,14,10,22,4,30,28,2,52
23,14,6,23,4,30,28,2,52
24,14,9,23,3,30,28,2,52
25,14,9,24,3,30,28,2,53
26,14,8,24,4,30,28,2,53
27,13,10,25,4,30,28,2,53
28,12,12,25,4,30,28,2,53
29,12,10,26,4,30,28,2,52
30,13,10,26,4,30,28,1,52
31,12,8,26,4,30,28,1,52
32,12,10,26,4,30,28,1,52
33,12,8,27,5,31,28,1,52
34,12,12,27,5,31,28,2,52
35,12,15,25,5,31,28,2,52
36,12,15,24,5,31,28,2,52
37,13,9,24,5,31,27,2,52
38,12,11,25,5,31,27,2,52
39,11,10,24,5,32,27,2,52
40,10,12,24,5,31,26,2,52
41,10,12,25,6,31,26,2,52
42,10,17,24,6,31,26,2,53
43,10,18,23,6,32,26,2,53
44,12,22,22,6,32,26,2,51
45,12,14,22,6,32,27,1,51
46,13,11,23,6,32,26,2,51
47,12,10,24,5,31,27,2,51
48,12,14,24,5,31,26,2,51
49,12,15,25,5,31,27,1,51
50,12,11,25,5,32,27,1,51
51,12,8,26,6,32,28,1,50
52,12,7,26,5,32,28,1,50
53,12,13,26,5,32,28,1,50
54,12,13,26,5,31,28,1,51
55,12,17,26,5,31,28,1,51
56,12,16,26,5,31,28,1,51
57,12,13,26,6,33,28,1,51
58,12,11,27,5,32,28,1,51
59,11,13,26,5,32,28,1,51
60,10,15,27,6,33,29,1,52
61,10,13,28,5,32,29,1,52
62,10,14,28,5,32,29,1,51
63,10,12,29,5,33,29,1,52
64,10,14,29,5,33,29,1,52
65,10,13,29,6,33,29,1,52
66,10,14,29,6,34,29,1,52
67,10,14,29,6,34,29,1,52
68,10,16,28,6,34,29,1,52
69,10,12,28,7,34,29,1,52
70,10,9,29,6,32,28,1,52
71,10,6,29,6,33,28,1,51
72,10,6,30,8,36,30,1,51
73,10,8,30,8,36,29,1,52
74,11,4,30,8,36,30,2,52
75,10,5,31,8,36,29,2,52
76,10,6,32,8,36,29,2,52
77,10,5,31,8,35,29,2,53
78,10,8,30,8,35,29,2,53
79,10,11,29,8,35,29,2,53
80,10,11,28,7,35,30,1,53
81,11,12,27,7,35,30,1,53
82,10,12,27,7,35,30,2,53
83,10,11,27,8,35,30,2,53
84,10,8,28,7,36,31,2,53
85,10,6,29,7,36,31,2,54
86,10,5,30,8,36,31,2,54
87,10,6,30,8,36,30,3,54
88,10,6,30,8,36,31,3,54
89,10,4,31,9,36,31,3,54
90,12,6,30,8,36,31,3,54
91,11,6,30,8,36,30,3,54
92,10,6,31,8,36,30,3,54
93,9,5,30,8,36,29,3,54
94,8,6,29,9,36,29,3,56
95,10,9,30,8,35,29,4,56
96,10,10,28,8,35,30,4,56
97,9,8,29,8,35,30,4,56
98,6,10,30,8,35,30,4,59
99,5,7,30,8,35,30,3,59
100,4,7,30,6,35,30,2,59
101,4,4,31,6,35,30,1,59
102,4,3,31,6,36,32,1,59
103,4,5,32,6,36,32,1,58
104,4,6,32,6,37,33,1,58
105,4,6,33,6,37,33,1,58
106,4,6,33,6,37,33,2,58
107,4,7,32,7,37,32,2,57
108,4,9,32,7,37,33,2,57
109,4,12,31,7,37,32,2,58
110,5,17,30,7,37,32,2,57
111,4,17,30,7,37,32,2,58
112,4,12,30,7,38,32,2,58
113,4,11,29,6,38,32,2,58
114,4,9,30,6,38,32,1,58
115,4,10,29,7,38,33,1,58
116,5,8,30,7,37,33,1,57
117,4,6,30,7,37,33,1,58
118,4,9,31,7,37,33,1,59
119,4,5,31,6,37,34,1,59
120,4,6,32,6,37,34,1,60
121,5,8,32,6,37,33,1,60
122,4,9,32,6,37,34,1,60
123,4,11,32,6,37,34,1,60
124,4,15,31,6,37,34,1,60
125,4,16,29,6,38,34,1,60
126,4,24,28,6,37,34,1,60
127,4,25,26,6,38,34,1,60
128,4,24,26,6,38,34,1,60
129,4,19,25,6,37,34,1,61
130,6,13,26,6,38,34,1,59
131,8,10,26,6,37,34,1,61
132,8,10,27,6,37,34,1,61
133,8,8,28,7,37,34,1,62
134,8,6,28,7,36,34,1,61
135,8,9,29,6,36,33,2,61
136,8,10,30,6,36,33,2,61
137,8,11,30,5,36,34,2,61
138,8,14,30,5,36,34,3,62
139,10,10,31,5,36,34,3,64
140,9,10,32,4,37,34,3,65
141,8,11,32,4,36,34,3,66
142,8,13,32,4,36,34,3,65
143,8,13,31,4,36,34,3,65
144,8,12,32,5,36,34,3,65
145,10,14,32,5,36,34,3,66
146,10,11,32,5,36,34,3,65
147,9,15,32,5,36,34,3,65
148,10,8,33,5,36,34,3,65
149,10,10,33,5,36,34,3,65
150,10,9,34,5,35,33,4,65
151,10,8,34,4,35,33,4,65
152,9,8,35,5,36,33,4,66
153,7,9,36,5,36,34,4,66
154,6,9,36,4,36,33,3,65
155,6,7,36,4,36,33,4,66
156,4,9,37,4,35,32,4,65
157,4,11,37,4,36,32,3,65
158,4,15,37,4,36,32,3,65
159,4,20,36,4,36,33,2,64
160,5,21,36,5,36,32,3,65
161,4,12,36,5,36,32,3,63
162,4,12,36,5,35,31,3,62
163,4,14,36,4,35,31,3,62
164,4,11,36,4,36,31,3,62
165,4,15,36,3,36,31,2,63
166,4,12,37,4,36,31,1,62
167,5,14,37,4,36,31,1,64
168,5,16,36,4,36,31,1,64
169,5,19,35,5,36,31,1,64
170,4,19,35,5,36,31,1,63
171,4,10,36,6,36,31,2,63
172,4,9,36,6,36,31,2,62
173,4,13,37,6,36,31,2,62
174,4,7,37,6,37,31,2,62
175,4,6,38,6,37,31,3,62
176,4,10,38,5,37,31,3,62
177,4,10,39,5,37,31,3,62
178,4,12,38,5,37,31,3,62
179,3,13,38,5,37,31,3,61
180,2,16,39,5,37,31,3,60
181,2,12,39,5,37,31,3,60
182,2,12,38,6,37,32,3,60
183,3,8,39,5,38,31,3,60
184,2,8,39,5,37,31,3,60
185,2,10,39,5,38,32,3,61
186,2,15,38,5,37,31,4,62
187,2,19,37,6,38,31,4,62
188,2,14,37,6,38,31,3,62
189,3,10,37,6,37,31,3,62
190,2,9,38,6,37,31,3,62
191,2,6,38,6,38,31,3,63
192,2,5,39,6,37,31,4,64
193,2,6,39,6,38,31,4,64
194,2,10,39,6,38,31,4,64
195,2,11,39,6,38,30,4,65
196,2,8,38,6,38,30,5,64
197,2,13,37,6,38,30,5,64
198,2,14,37,6,38,30,5,63
199,1,13,36,6,38,29,6,63
200,1,13,36,6,38,29,6,63
1,10,59,10,3,30,30,3,50
2,20,55,9,2,30,29,3,49
3,22,26,10,2,29,30,3,49
4,22,12,11,3,29,30,3,49
5,22,8,12,3,29,30,3,50
6,22,7,13,3,30,29,3,49
7,23,6,14,3,30,30,3,49
8,21,7,15,3,30,30,3,49
9,20,3,16,2,30,30,3,49
10,20,2,18,3,29,29,3,49
11,20,3,19,2,29,29,3,49
12,19,5,20,3,29,29,3,49
13,18,8,21,3,29,29,3,49
14,16,13,21,3,29,29,3,49
15,13,12,20,3,29,29,2,49
16,12,12,20,3,29,29,2,49
17,12,16,21,3,29,29,2,49
18,12,12,21,3,29,29,2,49
19,12,16,20,3,29,29,2,48
20,12,17,20,3,29,29,3,48
21,12,12,21,3,29,30,2,48
22,14,7,23,4,29,30,2,47
23,14,5,24,3,28,30,3,47
24,14,4,24,4,28,30,3,47
25,14,5,25,3,28,31,3,47
26,14,8,25,4,28,30,3,47
27,14,9,26,4,28,31,3,47
28,14,4,27,4,29,30,3,47
29,14,8,28,4,29,30,3,48
30,12,7,28,4,28,30,2,48
31,10,7,29,5,28,28,2,47
32,10,6,30,5,28,28,2,47
33,10,9,29,5,28,28,1,48
34,10,9,30,5,28,27,1,48
35,10,12,30,4,28,27,2,49
36,10,14,30,5,28,27,2,49
37,10,13,30,5,28,27,2,49
38,10,12,30,5,28,27,2,49
39,10,7,31,5,28,28,2,49
40,8,7,32,5,28,28,3,49
41,8,9,32,5,28,28,4,49
42,7,7,32,5,28,28,4,48
43,6,7,34,4,29,29,3,48
44,6,5,34,4,31,30,4,48
45,6,7,34,4,31,30,4,48
46,5,11,34,4,31,30,3,48
47,4,9,34,4,31,30,2,49
48,4,9,34,4,31,30,2,49
49,4,6,35,5,31,30,2,49
50,4,5,36,5,31,30,2,49
51,4,9,35,5,31,30,2,49
52,4,7,35,5,31,30,2,49
53,4,13,34,5,31,30,2,48
54,4,20,31,5,30,30,2,48
55,4,23,29,5,30,30,2,48
56,4,20,28,5,30,30,2,48
57,2,16,27,6,30,30,1,44
58,2,15,27,6,31,29,1,44
59,2,9,27,6,31,30,1,43
60,2,12,27,6,30,30,1,43
61,2,11,27,7,30,30,1,44
62,2,9,26,7,29,30,1,44
63,2,9,26,6,29,30,1,44
64,2,7,26,6,29,30,1,45
65,2,11,26,6,30,30,1,45
66,4,10,26,6,30,30,1,46
67,4,10,27,6,31,30,2,46
68,4,10,26,5,31,30,2,45
69,4,14,26,6,31,30,2,45
70,5,15,26,5,31,30,3,45
71,4,17,26,5,30,31,3,45
72,4,11,26,5,30,30,4,45
73,4,14,27,5,30,30,4,44
74,4,10,27,5,31,30,3,44
75,4,12,28,5,30,31,3,44
76,4,16,27,5,30,31,3,44
77,4,18,28,6,30,30,3,44
78,4,14,26,7,31,30,3,44
79,4,18,25,7,31,30,3,45
80,4,14,24,7,31,30,3,45
81,4,12,22,8,31,30,3,45
82,4,15,22,7,32,30,3,45
83,4,14,20,7,31,30,3,45
84,5,13,18,8,31,30,3,45
85,5,10,18,8,32,30,3,45
86,6,12,19,8,32,30,4,45
87,5,8,19,8,32,30,4,45
88,4,7,18,8,32,30,3,45
89,4,6,18,8,32,30,3,44
90,4,4,19,8,32,30,4,44
91,3,4,19,8,31,30,3,44
92,2,7,19,8,31,30,1,43
93,2,7,19,8,30,31,1,44
94,2,7,19,8,30,31,1,43
95,2,7,20,8,30,30,2,42
96,2,5,20,8,30,30,2,42
97,2,5,20,7,30,30,2,41
98,2,5,21,7,30,30,3,41
99,2,4,22,6,29,31,3,41
100,2,3,23,6,29,32,3,40
101,2,6,24,7,29,32,3,40
102,2,3,25,7,29,31,3,41
103,2,3,26,7,29,32,3,41
104,2,3,26,6,29,31,3,40
105,2,5,27,6,29,31,2,40
106,2,8,26,5,30,31,2,40
107,2,11,26,5,30,31,2,41
108,2,15,25,5,30,31,3,42
109,2,16,25,5,30,31,3,43
110,4,14,25,5,29,31,3,43
111,5,12,26,5,29,31,2,43
112,4,16,26,5,29,31,2,43
113,4,15,26,5,29,31,1,43
114,4,13,27,5,29,31,1,43
115,4,11,27,5,29,31,1,43
116,4,8,28,4,29,31,1,44
117,4,8,29,4,30,31,1,44
118,4,8,30,4,30,31,1,45
119,4,9,29,4,30,31,1,45
120,4,14,30,4,29,31,2,45
121,4,13,29,4,29,31,2,44
122,5,14,30,4,30,31,2,44
123,4,13,30,3,30,32,2,43
124,4,19,31,3,30,32,3,43
125,4,10,31,3,30,31,3,44
126,4,11,32,3,30,31,3,44
127,6,15,32,2,30,31,3,44
128,6,11,32,3,30,31,3,44
129,6,9,33,2,30,31,3,44
130,6,9,34,2,29,30,3,43
131,6,8,35,2,29,30,3,43
132,6,9,36,2,30,30,3,43
133,6,10,37,2,30,30,3,43
134,5,8,38,2,30,29,3,43
135,4,8,39,3,29,29,3,43
136,4,5,40,3,29,29,3,43
137,4,6,40,3,30,28,2,44
138,4,9,40,3,30,28,2,43
139,4,11,40,3,31,28,2,43
140,4,12,41,3,31,28,1,43
141,4,7,42,3,31,28,1,43
142,4,10,42,3,32,28,1,43
143,4,10,42,4,32,28,1,43
144,4,14,41,4,32,28,1,43
145,4,19,41,4,32,28,1,43
146,4,18,39,3,33,28,1,42
147,4,20,39,4,32,28,1,42
148,4,24,38,4,32,28,1,42
149,4,24,39,4,32,28,1,42
150,4,24,39,4,32,28,1,41
151,4,11,40,4,32,29,1,41
152,4,10,40,4,33,29,1,41
153,4,7,41,5,32,28,1,41
154,4,5,41,5,32,29,1,41
155,4,6,42,5,32,29,2,41
156,4,5,43,5,32,28,2,40
157,4,7,43,5,32,28,3,41
158,4,8,44,5,32,28,3,41
159,4,12,43,5,32,28,3,41
160,4,15,43,5,32,28,2,41
161,4,14,43,6,32,28,2,41
162,4,10,43,6,32,27,2,41
163,4,6,43,6,31,27,2,42
164,3,9,43,6,31,26,3,40
165,2,8,43,6,32,26,3,37
166,2,8,44,5,31,27,3,37
167,2,9,43,6,32,27,3,37
168,2,8,42,5,31,27,3,38
169,2,13,42,5,31,26,4,37
170,2,16,41,5,31,27,3,37
171,4,21,40,5,31,26,3,37
172,4,18,40,5,32,26,2,37
173,4,14,39,5,32,27,1,36
174,4,14,39,6,32,26,2,36
175,6,19,37,6,31,26,1,36
176,7,12,37,6,32,27,1,36
177,9,8,38,5,32,26,1,36
178,8,6,39,6,33,27,1,36
179,8,5,40,6,34,27,1,36
180,8,4,41,6,34,26,2,36
181,8,5,41,6,34,27,2,36
182,8,9,40,6,34,27,2,36
183,8,11,39,6,34,27,2,36
184,8,9,40,6,34,27,2,36
185,8,11,39,7,34,27,2,36
186,8,10,39,6,34,27,2,36
187,9,12,39,6,34,27,2,36
188,8,16,39,5,35,27,2,36
189,8,16,39,5,35,27,2,37
190,8,12,39,6,35,27,2,38
191,8,8,40,6,35,28,2,38
192,8,7,40,6,35,28,2,38
193,9,3,41,5,36,29,2,38
194,8,1,42,6,36,29,3,38
195,8,2,44,6,36,29,2,38
196,8,1,45,6,36,29,2,38
197,8,1,47,6,36,29,2,38
198,8,1,48,6,36,29,2,38
199,8,2,49,6,35,28,2,38
200,8,3,50,6,36,28,2,38
1,10,60,10,3,30,30,3,50
2,20,81,10,2,29,29,3,50
3,20,27,10,3,29,30,3,50
4,20,16,11,3,29,30,3,50
5,20,7,12,3,29,29,3,50
6,20,8,14,3,29,29,3,50
7,20,5,14,3,30,30,3,50
8,20,6,15,3,30,29,3,50
9,18,4,16,4,30,29,2,50
10,16,3,17,5,30,29,2,50
11,16,5,18,4,29,29,2,50
12,16,6,18,4,30,29,2,50
13,16,7,19,5,31,29,2,50
14,16,7,19,6,31,28,3,50
15,14,5,18,6,31,28,2,51
16,13,8,18,6,31,28,2,51
17,12,8,18,6,31,28,2,51
18,12,9,18,6,31,28,2,51
19,12,9,18,6,31,28,2,51
20,12,7,18,7,32,29,2,51
21,12,8,18,7,32,29,2,50
22,12,13,17,8,32,30,2,50
23,12,13,17,8,32,29,2,50
24,12,7,17,8,32,30,2,51
25,12,10,17,9,32,31,2,51
26,12,10,18,8,32,31,2,51
27,12,9,18,8,32,30,2,51
28,12,8,18,7,32,30,2,51
29,13,10,18,7,32,30,2,51
30,12,12,18,7,33,30,2,51
31,12,14,17,7,32,30,2,51
32,13,10,18,7,32,31,2,51
33,14,7,19,7,33,31,2,51
34,14,4,20,7,33,31,2,51
35,14,7,21,7,33,31,2,51
36,14,4,21,7,33,31,2,51
37,14,8,22,7,33,31,2,51
38,14,9,22,7,33,30,2,50
39,14,5,23,7,33,30,2,50
40,13,8,23,7,33,30,2,50
41,12,11,23,7,33,30,1,50
42,12,12,22,7,33,30,1,50
43,12,9,23,6,33,31,2,50
44,12,10,22,7,33,31,2,50
45,12,13,23,7,33,31,2,50
46,12,13,22,6,34,31,2,50
47,12,12,23,6,34,31,2,50
48,12,12,23,7,34,31,2,50
49,12,12,21,7,34,31,2,50
50,12,14,21,7,35,32,2,50
51,12,13,21,7,34,32,2,49
52,12,13,20,7,34,32,2,49
53,12,15,20,7,35,32,1,49
54,12,11,21,8,35,32,1,49
55,12,10,20,7,36,32,1,49
56,12,14,21,7,36,32,1,49
57,12,17,20,7,36,32,2,49
58,12,19,20,7,36,32,2,49
59,12,12,20,7,37,32,1,49
60,12,10,21,7,37,33,1,49
61,12,11,21,7,37,33,2,49
62,13,14,21,7,37,32,2,49
63,12,13,21,7,37,32,2,49
64,12,20,21,7,37,32,2,49
65,12,16,20,6,37,32,2,49
66,13,8,21,6,37,31,2,49
67,13,5,22,6,37,31,2,49
68,12,7,23,6,38,30,2,49
69,12,10,24,6,38,30,2,50
70,12,9,24,7,38,30,2,50
71,13,8,23,7,38,30,2,50
72,14,10,23,6,38,30,2,51
73,14,14,24,6,38,30,2,51
74,14,16,23,6,38,29,2,51
75,14,18,22,6,39,29,2,51
76,16,14,22,7,39,29,2,52
77,18,14,22,7,39,29,3,52
78,16,10,22,7,39,29,3,52
79,16,11,22,7,39,29,2,52
80,16,12,22,7,39,29,2,52
81,17,13,22,7,39,29,2,52
82,15,11,22,7,39,30,2,52
83,16,12,22,7,39,30,3,51
84,14,9,23,7,40,30,3,52
85,14,6,23,6,41,30,3,51
86,14,9,24,6,41,30,3,51
87,12,11,24,6,40,30,3,51
88,12,12,24,6,41,29,3,52
89,14,8,24,6,40,30,4,53
90,15,9,24,7,40,30,4,53
91,11,12,24,7,40,29,3,53
92,8,9,24,7,40,29,2,53
93,8,8,25,7,40,29,3,53
94,8,9,25,7,40,28,3,53
95,8,10,26,7,40,28,3,52
96,7,11,26,7,40,28,3,52
97,6,8,26,7,40,27,2,52
98,6,8,26,7,40,27,3,52
99,6,9,26,6,41,28,3,51
100,6,11,26,6,40,28,3,51
101,6,10,27,6,41,28,3,51
102,6,14,26,6,41,28,3,51
103,6,17,26,6,40,28,3,51
104,6,13,26,6,41,27,3,51
105,8,16,26,6,41,27,2,49
106,8,10,26,5,41,27,3,49
107,8,15,27,5,40,26,2,49
108,8,16,27,5,40,27,2,49
109,8,12,28,5,41,26,2,49
110,8,8,28,5,41,27,2,50
111,8,11,28,5,41,27,1,50
112,10,9,29,6,41,27,2,51
113,10,8,29,5,41,27,2,51
114,10,12,30,5,41,27,2,50
115,8,8,31,6,41,28,3,53
116,7,10,30,5,41,28,2,53
117,6,10,30,6,40,27,2,52
118,6,11,29,7,40,27,2,52
119,6,9,29,6,40,29,2,51
120,7,13,28,6,40,28,3,52
121,6,11,27,6,41,28,3,52
122,6,14,27,7,41,28,3,52
123,6,10,28,6,41,27,3,52
124,6,6,29,7,41,27,4,52
125,6,7,30,7,41,27,3,52
126,6,6,31,6,41,28,4,51
127,6,9,31,6,42,28,4,50
128,5,9,31,5,42,29,3,49
129,4,12,31,6,42,29,3,48
130,4,13,31,6,42,28,3,48
131,4,14,30,6,42,29,3,48
132,4,16,27,5,42,29,3,49
133,6,21,27,5,42,29,3,52
134,6,21,26,5,42,29,3,52
135,6,14,26,5,42,29,3,52
136,8,10,26,6,41,29,4,54
137,7,12,27,6,41,28,3,54
138,6,12,27,6,41,29,3,53
139,6,11,28,6,41,28,3,53
140,6,10,28,5,41,28,3,52
141,6,12,29,5,41,28,2,53
142,6,8,29,5,41,28,2,53
143,6,8,29,5,41,28,2,52
144,7,8,30,5,41,27,2,50
145,6,10,30,4,41,27,3,52
146,6,11,31,4,41,28,3,52
147,6,13,31,4,41,28,3,52
148,6,14,31,4,41,28,3,52
149,6,19,31,4,41,28,3,52
150,7,10,32,4,41,29,3,52
151,7,9,33,4,40,29,2,53
152,6,10,33,3,40,29,3,52
153,6,16,32,4,40,29,2,52
154,6,16,31,3,40,29,3,52
155,8,18,31,4,40,29,2,53
156,8,18,31,4,41,29,2,53
157,8,16,32,4,41,28,2,53
158,8,8,32,4,41,29,3,53
159,7,12,32,4,42,28,2,52
160,6,7,33,5,42,28,2,50
161,4,6,34,5,41,28,3,45
162,4,7,34,4,41,29,3,45
163,4,11,35,5,41,28,3,45
164,3,9,35,4,41,30,2,47
165,2,14,35,4,41,31,1,53
166,2,17,35,4,41,31,1,53
167,2,15,34,4,41,30,1,53
168,2,13,33,5,41,29,1,53
169,2,15,33,5,41,28,1,53
170,2,15,33,6,42,26,1,53
171,2,8,33,6,42,26,2,52
172,2,10,33,6,42,26,3,52
173,2,12,33,6,42,25,3,51
174,2,12,34,6,42,26,3,51
175,3,12,33,5,42,27,2,50
176,4,13,32,5,42,27,2,50
177,4,17,32,5,42,28,3,49
178,4,14,32,5,42,28,3,48
179,3,11,33,5,42,26,2,48
180,2,12,34,5,42,25,2,48
181,2,10,33,6,42,25,2,49
182,2,14,33,5,42,25,2,48
183,2,19,33,5,42,25,2,48
184,2,13,32,6,41,25,2,48
185,2,9,32,7,40,24,3,48
186,3,8,32,7,40,25,3,48
187,2,9,32,7,41,25,4,48
188,2,9,32,6,41,26,5,49
189,2,12,32,6,41,26,4,48
190,2,17,31,6,41,25,4,48
191,2,16,30,6,40,25,3,49
192,2,15,30,6,41,25,3,49
193,3,11,30,6,40,25,3,49
194,2,12,31,6,41,25,2,50
195,2,11,30,6,41,25,2,50
196,2,19,30,6,41,26,2,50
197,2,21,28,6,41,25,1,51
198,2,22,26,6,41,26,1,50
199,2,21,25,6,40,25,1,50
200,2,17,25,6,40,25,1,51
1,10,60,11,3,30,30,3,50
2,20,66,10,2,29,29,2,50
3,20,29,10,3,30,30,2,50
4,21,11,11,3,30,29,2,50
5,20,12,12,3,30,29,2,50
6,20,7,13,3,29,29,2,50
7,20,9,14,3,30,29,2,50
8,20,9,15,3,30,29,2,50
9,20,8,16,3,29,30,2,51
10,19,11,17,3,29,30,2,51
11,18,9,18,3,30,30,2,51
12,17,10,19,3,30,30,2,51
13,16,4,20,3,30,30,2,51
14,16,6,21,3,30,29,2,51
15,16,8,21,3,30,29,2,51
16,16,6,22,3,30,28,2,51
17,16,5,23,3,31,28,2,51
18,16,5,24,3,31,28,2,51
19,16,3,25,3,31,28,2,51
20,16,4,26,3,30,28,2,51
21,16,4,27,3,31,28,2,51
22,16,6,27,3,31,28,2,51
23,16,9,27,3,30,28,3,51
24,16,11,28,3,30,28,3,51
25,15,10,28,3,30,28,3,51
26,14,10,28,3,30,27,3,50
27,13,12,28,3,30,28,2,50
28,12,13,27,3,30,27,2,50
29,16,19,27,3,30,27,2,51
30,16,20,28,3,30,27,2,52
31,16,19,26,4,30,28,2,52
32,18,16,26,4,30,28,2,52
33,18,16,26,4,31,29,2,53
34,18,13,27,4,31,29,2,52
35,18,11,27,4,31,28,2,52
36,18,9,28,4,30,28,2,52
37,18,8,28,5,31,28,2,52
38,18,12,27,5,31,28,2,52
39,18,10,27,5,31,28,2,52
40,18,6,28,5,32,27,2,51
41,17,3,29,5,33,28,1,51
42,16,2,30,5,34,28,1,51
43,16,4,31,5,34,27,1,51
44,16,3,31,5,34,27,1,51
45,16,6,31,5,34,27,2,51
46,16,11,31,5,34,27,2,51
47,16,9,31,5,35,27,2,52
48,19,12,31,5,35,28,2,52
49,18,14,30,5,35,28,2,52
50,18,14,30,5,35,28,2,52
51,18,16,29,5,35,27,2,52
52,17,18,30,5,35,27,3,52
53,16,16,30,5,35,26,3,53
54,15,12,30,5,35,26,2,53
55,14,12,31,5,35,26,2,54
56,13,6,32,7,36,26,2,54
57,12,7,31,7,35,26,2,54
58,12,11,30,7,35,26,2,53
59,13,14,30,7,35,26,2,54
60,13,11,29,7,35,25,2,54
61,12,17,27,7,35,25,1,54
62,12,22,26,7,35,24,1,54
63,12,22,26,7,35,24,1,54
64,12,10,27,7,35,24,1,54
65,13,5,27,7,37,24,1,55
66,12,4,27,7,36,23,1,54
67,14,2,28,7,34,24,1,54
68,14,4,29,7,34,24,1,54
69,14,7,29,7,34,24,1,55
70,14,4,29,7,35,24,2,55
71,15,2,30,7,35,25,2,54
72,14,3,31,7,35,25,2,55
73,14,2,32,7,35,25,2,55
74,14,3,33,7,35,25,2,55
75,14,3,34,7,35,25,2,55
76,14,2,35,7,35,25,2,55
77,14,4,36,7,35,25,2,55
78,14,4,37,7,35,25,2,55
79,14,3,37,7,35,25,2,56
80,14,4,38,7,35,25,2,56
81,14,5,39,7,35,25,2,56
82,14,5,39,8,35,24,2,56
83,14,6,40,8,35,24,2,55
84,14,7,40,8,35,24,2,55
85,14,4,40,8,35,24,2,55
86,14,6,40,8,35,24,2,55
87,14,10,40,8,35,24,3,56
88,14,5,39,7,35,24,3,56
89,14,4,40,7,35,23,3,56
90,14,4,40,7,35,24,3,56
91,11,8,40,7,35,24,3,55
92,10,11,39,7,35,24,2,55
93,10,11,38,7,35,24,2,55
94,10,14,37,7,35,24,2,56
95,10,12,36,7,34,24,2,56
96,8,9,36,7,34,24,2,55
97,8,9,35,7,34,24,2,55
98,8,9,35,7,34,24,2,55
99,8,9,34,7,34,24,2,54
100,10,8,35,6,34,24,2,52
101,9,4,35,7,35,25,2,51
102,7,3,37,7,36,25,2,49
103,6,3,36,6,36,25,1,49
104,6,4,36,6,35,26,2,49
105,5,5,36,6,35,25,2,50
106,4,7,37,6,35,25,2,52
107,4,12,36,6,35,25,2,52
108,4,14,35,6,36,25,2,52
109,4,14,34,6,35,25,2,52
110,4,14,34,6,36,25,3,52
111,4,14,34,6,36,25,3,52
112,4,9,33,6,36,25,2,52
113,6,10,33,7,36,25,2,49
114,6,17,32,7,36,25,2,48
115,6,16,31,6,36,24,3,48
116,6,11,32,7,36,25,3,49
117,8,7,32,7,35,25,3,47
118,8,8,33,6,35,24,3,47
119,7,6,34,6,35,24,3,48
120,7,5,35,7,35,25,3,51
121,6,4,36,7,35,25,3,49
122,6,5,36,7,35,26,4,49
123,6,4,37,8,37,27,4,49
124,6,4,38,8,36,26,4,48
125,6,6,38,8,36,26,4,49
126,5,9,38,8,37,26,4,50
127,4,5,38,7,36,26,4,52
128,6,6,38,7,35,26,4,55
129,5,6,38,7,35,26,4,54
130,4,8,37,7,34,26,3,53
131,4,13,38,6,35,26,3,53
132,4,12,37,6,35,26,3,53
133,4,17,35,6,35,26,3,54
134,4,14,33,6,35,26,3,54
135,4,14,32,6,36,27,4,54
136,2,16,32,6,35,26,3,61
137,4,15,32,6,36,27,3,61
138,4,17,32,6,36,27,2,60
139,5,14,31,6,35,27,2,60
140,5,11,31,7,36,27,2,60
141,4,9,30,7,37,27,3,60
142,3,9,30,7,36,28,3,60
143,3,7,31,6,35,28,3,62
144,3,9,31,6,35,27,2,63
145,2,12,31,6,35,27,2,64
146,2,14,29,6,35,27,1,64
147,2,18,29,5,35,27,1,64
148,2,25,28,5,35,27,1,64
149,2,24,28,6,35,28,1,64
150,2,20,26,6,35,28,1,63
151,4,17,25,6,35,28,1,63
152,4,16,25,6,35,28,1,63
153,4,17,24,5,35,28,1,63
154,4,14,23,7,35,29,1,63
155,4,11,23,7,35,29,1,64
156,4,15,22,7,35,29,2,64
157,4,18,21,7,35,29,2,64
158,4,19,21,7,35,29,2,65
159,8,9,22,7,36,29,2,65
160,8,6,23,7,35,30,2,65
161,8,8,23,6,35,30,2,64
162,8,7,24,6,36,29,2,64
163,8,9,24,7,36,29,2,64
164,8,10,23,7,35,29,2,64
165,8,8,24,7,36,29,2,63
166,9,7,25,7,36,29,3,63
167,7,7,25,6,36,29,2,62
168,6,9,26,6,35,28,2,62
169,6,7,26,6,35,28,2,62
170,7,7,26,6,35,28,2,62
171,7,11,27,6,35,28,2,62
172,6,9,26,6,35,28,2,62
173,6,10,26,6,34,28,2,62
174,6,11,25,6,34,28,2,62
175,7,14,26,6,35,28,2,62
176,6,11,26,5,34,28,2,62
177,6,9,26,6,34,29,2,63
178,6,12,27,6,34,29,1,62
179,6,8,27,5,33,28,1,62
180,6,12,27,6,33,28,1,61
181,6,14,26,5,33,27,1,61
182,6,14,26,5,33,27,1,61
183,7,10,27,6,33,27,1,62
184,6,10,27,6,32,27,1,62
185,6,6,28,7,32,27,1,62
186,6,6,28,7,32,27,1,61
187,6,9,28,7,32,27,2,61
188,6,11,28,6,32,26,2,61
189,6,10,29,6,32,26,2,61
190,6,5,30,7,32,26,2,61
191,6,4,30,7,32,27,2,61
192,6,4,31,7,32,26,2,61
193,6,4,32,7,32,26,2,61
194,6,6,31,7,32,26,1,62
195,6,6,31,7,32,26,2,61
196,7,7,31,7,32,26,2,61
197,6,10,30,7,33,26,2,61
198,7,13,31,7,33,26,2,62
199,6,15,30,7,34,26,2,62
200,8,12,29,7,34,25,2,62
1,10,60,10,3,30,30,3,50
2,20,77,9,3,29,29,3,50
3,23,43,10,3,30,29,3,50
4,22,21,10,3,30,29,3,49
5,22,17,11,3,30,29,3,49
6,22,14,12,3,30,30,3,49
7,21,16,13,3,30,30,3,49
8,20,11,14,3,30,30,2,49
9,20,6,15,3,29,30,2,49
10,20,5,16,3,29,30,2,49
11,20,5,17,4,29,29,2,49
12,20,5,17,4,29,29,2,49
13,20,5,18,4,29,29,3,49
14,20,4,19,4,29,29,3,49
15,19,7,20,4,29,29,2,49
16,18,7,20,4,29,29,2,49
17,18,8,20,4,30,29,2,49
18,18,9,20,4,30,29,1,49
19,18,10,20,5,30,29,2,49
20,18,15,20,5,29,29,2,49
21,20,19,21,5,29,30,2,49
22,20,12,21,5,30,30,2,49
23,20,13,21,5,30,30,2,49
24,22,16,20,4,30,30,2,49
25,22,14,20,4,30,30,2,49
26,22,17,20,4,30,30,2,49
27,24,16,19,5,30,30,1,49
28,24,17,20,4,30,30,1,49
29,26,11,21,4,30,30,1,49
30,26,6,22,3,31,29,1,49
31,26,3,23,5,31,28,1,49
32,26,1,25,3,31,26,1,49
33,26,1,26,3,31,26,1,49
34,26,2,27,3,30,26,1,49
35,26,4,28,3,30,26,1,49
36,26,3,29,3,30,26,1,49
37,26,5,30,3,30,26,2,49
38,26,9,30,3,30,26,2,49
39,26,11,30,3,30,26,2,49
40,26,17,29,3,30,26,2,49
41,26,13,29,4,31,26,2,49
42,26,12,29,4,31,26,2,49
43,26,12,29,4,31,26,2,49
44,27,16,29,4,31,27,2,48
45,26,17,29,3,30,27,2,49
46,27,14,28,4,31,27,2,49
47,25,14,28,5,32,27,2,48
48,24,13,28,5,32,28,2,48
49,24,14,28,5,32,28,2,48
50,24,20,28,5,32,28,2,48
51,24,20,28,5,32,28,2,48
52,24,20,27,4,32,27,2,48
53,24,17,26,5,32,28,2,49
54,24,20,26,6,32,28,2,49
55,24,16,25,6,32,28,2,49
56,26,18,26,6,32,28,2,49
57,24,15,26,6,33,27,2,48
58,24,9,26,6,32,28,2,48
59,25,5,27,6,32,28,2,48
60,25,5,28,6,33,27,2,48
61,23,5,29,6,33,28,2,48
62,22,10,29,6,33,27,2,49
63,22,9,30,6,34,27,2,49
64,23,7,31,7,34,26,2,49
65,22,9,32,7,33,26,2,49
66,22,6,32,7,33,26,2,49
67,22,10,31,6,33,26,2,49
68,20,5,32,6,32,26,2,50
69,20,6,32,7,32,26,2,50
70,19,6,32,7,33,26,2,50
71,19,8,32,6,33,26,2,49
72,18,9,33,7,33,27,2,49
73,18,14,32,7,32,27,2,49
74,18,19,31,7,33,26,3,48
75,18,16,30,7,32,26,3,48
76,19,8,31,7,32,27,3,48
77,18,5,32,6,32,27,3,48
78,17,7,33,6,32,27,3,48
79,16,8,34,6,31,28,3,47
80,16,7,34,6,30,28,3,47
81,16,8,33,6,30,28,2,47
82,16,9,33,6,30,28,2,47
83,18,9,33,6,29,29,2,48
84,18,8,34,6,29,29,2,48
85,18,8,34,6,30,28,2,48
86,18,13,34,6,30,28,2,48
87,18,10,34,6,30,28,2,48
88,17,12,33,6,30,28,2,48
89,16,13,33,6,30,29,2,48
90,17,14,34,6,30,29,2,49
91,16,14,33,6,30,29,2,48
92,18,13,34,6,30,29,2,48
93,18,9,34,6,30,29,2,48
94,18,8,35,6,30,29,2,47
95,18,6,36,6,30,29,2,48
96,18,6,37,6,31,28,2,48
97,18,6,37,6,31,29,2,47
98,18,6,37,6,32,27,2,47
99,18,12,37,6,32,27,2,47
100,17,14,37,6,32,28,2,47
101,16,14,36,6,33,28,2,46
102,16,14,37,7,33,28,2,46
103,15,9,37,7,33,28,2,46
104,14,10,36,7,33,29,2,46
105,14,13,36,8,33,28,2,46
106,14,10,36,7,33,28,2,46
107,14,6,36,8,33,28,2,46
108,14,6,36,9,33,29,3,46
109,14,3,36,8,33,29,3,46
110,14,5,37,8,32,28,3,46
111,14,9,37,8,32,28,3,46
112,14,11,36,7,32,28,3,46
113,17,8,36,8,32,28,3,47
114,16,4,37,7,33,27,3,48
115,16,7,37,7,32,26,3,48
116,16,10,37,7,32,26,3,48
117,15,13,37,7,32,26,3,47
118,15,8,38,7,32,27,2,47
119,15,8,38,7,32,26,2,46
120,15,10,38,7,32,26,2,46
121,14,11,39,6,33,27,2,46
122,14,8,40,6,33,26,2,46
123,15,4,40,6,33,26,2,47
124,14,5,40,6,33,26,1,48
125,12,6,41,6,33,26,1,49
126,12,8,41,7,33,26,1,50
127,12,5,41,6,33,25,2,49
128,13,7,41,7,33,26,2,48
129,12,7,41,7,33,26,2,49
130,12,10,40,6,33,26,2,49
131,12,12,40,6,33,26,2,49
132,12,17,38,6,33,26,1,49
133,12,19,38,6,33,26,1,49
134,11,13,38,6,33,26,1,50
135,10,16,38,5,33,26,1,51
136,10,14,38,6,33,26,1,51
137,14,15,38,5,33,26,2,51
138,14,13,38,5,33,26,2,51
139,14,11,39,5,33,25,2,51
140,14,12,40,5,33,24,2,51
141,15,11,40,5,33,24,2,51
142,14,14,40,5,33,24,2,51
143,15,12,40,5,33,24,2,51
144,15,10,41,5,33,24,2,51
145,14,8,42,6,33,24,2,50
146,14,9,42,6,34,25,2,50
147,14,9,43,6,34,25,2,50
148,14,10,44,7,34,25,3,51
149,15,9,44,6,34,25,2,52
150,13,12,43,6,33,25,2,53
151,13,7,44,5,33,24,2,53
152,12,8,44,6,34,24,2,53
153,12,10,45,6,34,24,2,53
154,12,8,45,6,34,24,2,53
155,12,10,44,6,35,24,2,53
156,12,11,43,6,34,23,2,53
157,14,7,43,6,34,23,2,52
158,14,6,44,5,31,22,2,52
159,15,7,45,6,31,22,2,52
160,13,6,46,5,31,22,2,52
161,12,8,46,5,31,22,2,52
162,12,6,47,4,31,22,2,52
163,13,7,48,4,30,22,2,52
164,12,6,49,4,31,22,2,52
165,12,6,49,4,31,22,2,52
166,12,9,50,4,31,22,2,52
167,12,11,50,4,31,22,2,52
168,12,11,50,4,31,22,2,52
169,12,7,51,4,31,22,2,52
170,14,9,52,4,31,22,2,53
171,13,12,51,4,31,22,2,53
172,14,14,51,4,31,22,1,52
173,14,14,51,4,30,22,1,51
174,14,10,51,5,31,22,1,51
175,14,13,51,5,31,22,1,52
176,14,12,51,4,31,22,2,51
177,14,10,51,4,31,22,2,51
178,14,11,51,4,31,22,1,51
179,14,13,51,4,31,21,1,51
180,15,14,51,4,32,21,1,52
181,14,4,52,3,31,22,1,52
182,14,2,54,2,31,22,1,52
183,14,2,55,2,31,22,1,52
184,14,3,56,2,31,22,2,52
185,14,4,57,2,32,22,2,52
186,14,6,58,2,32,22,2,52
187,14,9,58,2,32,22,2,52
188,14,11,59,3,32,22,2,52
189,13,14,58,3,32,22,2,52
190,12,14,58,3,32,22,2,53
191,12,14,59,3,32,22,2,54
192,11,11,60,2,32,22,2,53
193,10,10,60,2,32,22,1,52
194,10,14,60,2,32,22,1,52
195,10,17,60,2,32,22,1,52
196,10,15,61,2,32,22,2,52
197,10,12,62,3,32,21,2,52
198,10,13,61,3,32,20,2,52
199,11,14,62,4,32,20,2,53
200,11,7,62,4,32,20,2,52
1,10,60,10,3,30,30,3,50
2,20,72,10,2,30,30,3,49
3,19,35,10,3,30,29,2,49
4,18,17,11,3,30,29,2,49
5,18,10,12,3,30,29,2,49
6,18,9,13,3,30,30,2,49
7,18,10,14,3,30,30,2,49
8,18,9,15,3,31,30,2,49
9,18,10,16,4,31,30,2,49
10,17,10,16,4,30,29,2,49
11,16,9,17,4,30,30,2,50
12,16,10,17,4,30,30,2,50
13,15,13,18,4,30,30,2,50
14,14,13,18,4,31,30,2,50
15,14,17,17,4,31,30,2,50
16,14,12,18,5,31,30,2,50
17,14,17,16,5,31,30,2,51
18,16,15,17,5,31,30,2,50
19,17,15,17,5,31,30,2,50
20,12,9,18,5,31,30,2,51
21,12,7,18,4,30,31,2,51
22,12,5,19,4,31,31,1,51
23,12,6,20,2,32,31,2,51
24,12,8,20,3,32,31,1,51
25,12,6,21,3,31,31,1,51
26,12,7,21,4,31,30,1,51
27,12,11,21,5,30,31,2,51
28,12,13,21,4,31,31,2,51
29,12,14,21,5,30,31,2,51
30,12,13,22,5,30,30,3,51
31,12,9,22,5,29,30,3,52
32,11,8,22,5,30,30,3,52
33,9,14,22,5,30,30,3,53
34,8,15,22,5,31,30,3,53
35,8,15,22,6,30,30,3,53
36,8,11,21,6,30,31,3,53
37,8,11,21,5,30,30,3,53
38,8,7,21,5,31,31,3,53
39,8,9,22,5,31,31,3,53
40,8,9,22,5,31,31,3,53
41,8,9,23,5,33,30,3,54
42,8,9,24,5,32,30,3,54
43,8,8,24,6,32,31,3,55
44,11,9,22,5,33,31,2,54
45,10,13,22,5,33,30,2,54
46,10,12,23,5,33,31,3,54
47,10,12,23,5,33,30,3,53
48,10,13,23,4,34,30,4,53
49,9,9,23,4,33,31,4,53
50,7,8,24,4,34,30,3,54
51,6,8,25,3,34,30,3,55
52,6,10,26,4,34,30,3,56
53,6,11,26,4,34,30,3,56
54,6,9,27,4,34,31,3,56
55,6,10,28,4,35,31,3,57
56,6,9,27,4,34,31,2,57
57,6,14,28,4,35,31,2,57
58,8,14,27,5,35,31,2,57
59,8,15,25,5,35,31,2,56
60,9,15,25,5,35,31,2,56
61,11,15,25,5,35,31,2,56
62,10,13,24,6,35,30,2,57
63,10,11,24,6,35,30,2,57
64,10,12,25,6,35,30,2,57
65,10,10,26,6,35,30,2,57
66,10,5,26,6,35,30,2,57
67,10,7,27,7,35,30,2,57
68,10,7,26,7,35,30,3,58
69,10,12,25,7,35,30,3,58
70,10,11,25,7,35,30,3,58
71,10,11,26,7,35,30,3,59
72,10,7,25,7,36,30,3,59
73,9,6,26,7,36,30,2,59
74,8,5,27,7,35,31,2,60
75,8,4,28,7,36,31,2,60
76,8,3,28,6,36,31,1,60
77,8,4,29,6,36,31,1,61
78,8,3,30,6,36,31,1,60
79,8,2,31,6,37,31,1,60
80,8,4,32,6,37,31,1,60
81,8,7,31,6,37,31,1,59
82,8,9,31,6,37,31,1,59
83,8,11,31,6,37,31,1,59
84,12,13,30,6,37,31,2,59
85,12,11,29,6,38,31,2,59
86,12,14,28,6,37,31,2,59
87,13,14,29,6,38,32,2,59
88,12,12,29,6,38,32,2,59
89,12,12,30,7,38,32,2,59
90,12,9,30,6,38,31,2,59
91,12,11,31,6,38,32,2,59
92,12,9,31,6,37,32,2,59
93,12,9,31,7,37,32,2,59
94,12,11,30,7,37,32,2,59
95,12,18,29,7,37,32,2,59
96,12,20,29,7,37,31,2,59
97,12,13,29,6,37,31,2,59
98,12,14,29,6,37,31,2,59
99,12,15,30,6,37,31,2,59
100,12,14,30,6,38,31,2,58
101,12,10,31,6,38,32,2,58
102,12,11,31,6,38,32,2,58
103,12,9,31,6,38,32,2,58
104,13,11,31,6,38,32,3,58
105,14,13,32,6,38,32,3,59
106,13,11,32,5,38,32,3,58
107,13,9,33,5,38,32,2,58
108,12,5,34,4,40,35,2,57
109,12,6,35,4,40,34,2,57
110,12,7,36,4,40,35,2,57
111,11,7,37,4,40,34,1,57
112,10,5,38,4,39,33,1,56
113,10,9,38,4,39,33,1,56
114,10,10,38,5,40,34,1,56
115,10,12,38,5,40,35,1,57
116,10,12,38,5,40,35,1,57
117,11,9,39,5,41,35,2,56
118,11,7,39,5,41,35,2,56
119,10,8,39,6,41,35,2,56
120,10,12,38,6,41,35,2,56
121,10,14,37,6,41,35,2,56
122,10,17,37,6,41,35,2,56
123,7,13,36,6,41,36,2,56
124,8,15,36,6,41,36,2,56
125,6,11,36,6,41,36,2,56
126,6,10,37,5,40,36,3,56
127,7,8,37,5,40,36,2,53
128,7,10,38,5,41,36,1,52
129,7,13,38,5,41,35,1,52
130,7,9,38,5,40,35,1,52
131,7,11,38,5,40,35,2,54
132,6,10,38,5,40,35,2,53
133,6,14,38,5,40,35,2,54
134,6,16,38,5,40,35,2,54
135,6,19,37,5,40,36,2,53
136,6,15,38,4,40,36,2,53
137,6,15,37,4,40,36,2,53
138,6,13,38,4,40,37,2,54
139,6,13,38,4,40,36,3,54
140,6,13,38,4,40,36,3,54
141,7,11,39,4,40,36,3,54
142,7,12,39,5,41,36,3,54
143,6,14,40,4,40,36,3,55
144,4,16,40,5,41,35,2,55
145,4,12,40,5,41,36,2,55
146,4,12,40,5,40,37,1,55
147,4,12,40,4,39,38,1,55
148,4,9,40,5,40,39,1,55
149,4,13,40,5,39,39,1,54
150,4,12,39,5,40,38,1,54
151,4,18,38,6,41,38,1,54
152,3,14,37,5,40,38,1,53
153,3,13,37,6,41,37,1,53
154,4,11,37,6,42,37,1,53
155,4,15,38,6,42,37,1,53
156,4,15,37,6,42,37,1,53
157,4,15,37,6,42,37,1,53
158,4,9,37,7,43,34,1,52
159,4,12,34,7,43,35,2,52
160,4,14,34,7,43,34,2,52
161,5,16,32,7,43,34,3,52
162,4,17,31,7,43,34,3,51
163,4,12,32,7,43,34,3,51
164,5,11,32,7,43,35,2,52
165,6,7,33,8,43,36,3,51
166,6,3,34,8,44,37,3,50
167,7,3,35,9,44,37,3,50
168,6,4,36,9,43,37,2,50
169,6,2,37,8,43,39,2,49
170,6,4,37,8,43,39,2,49
171,6,8,36,9,43,39,2,49
172,6,12,35,9,43,39,2,49
173,6,15,34,8,43,40,2,49
174,7,13,33,8,43,40,2,49
175,6,13,32,7,43,39,2,48
176,7,13,31,8,43,39,2,48
177,8,15,31,8,43,39,1,48
178,6,14,31,7,43,39,1,49
179,7,16,30,7,43,39,1,49
180,8,12,30,7,43,39,1,49
181,7,16,27,7,43,39,1,48
182,6,19,25,7,44,38,1,47
183,6,20,25,7,43,39,1,46
184,6,16,24,7,43,39,1,46
185,6,18,25,6,43,39,2,47
186,7,17,24,6,43,39,2,47
187,7,15,24,6,43,39,2,47
188,8,11,24,7,44,39,2,47
189,8,10,24,7,44,39,1,47
190,8,11,25,6,44,39,1,47
191,8,8,25,7,44,39,1,46
192,8,7,26,8,44,39,1,46
193,8,7,26,8,44,39,1,47
194,8,4,26,9,44,40,1,47
195,8,3,27,10,44,40,1,47
196,8,2,28,10,44,40,1,47
197,8,1,29,11,44,41,1,48
198,9,1,30,11,44,41,1,48
199,8,1,31,11,44,41,1,48
200,8,2,32,11,44,41,1,48
1,10,60,11,3,30,30,3,50
2,20,63,11,2,30,29,2,49
3,20,15,12,2,29,29,2,49
4,21,6,13,3,30,29,2,49
5,20,6,14,3,30,29,2,49
6,19,10,15,3,30,29,2,49
7,18,10,15,3,30,29,2,48
8,18,11,16,3,31,29,2,48
9,18,13,17,3,31,29,1,49
10,18,9,18,3,30,29,1,49
11,18,6,19,3,31,29,2,49
12,18,4,19,3,31,29,2,49
13,17,7,20,3,30,29,2,49
14,16,12,19,3,30,29,2,49
15,16,16,18,3,31,29,2,48
16,16,21,17,3,31,29,2,48
17,16,27,16,3,31,29,3,48
18,16,29,16,3,30,29,3,48
19,15,20,17,3,31,29,3,48
20,14,14,18,3,31,28,3,48
21,14,7,19,4,31,29,3,48
22,13,6,20,5,30,29,3,49
23,12,5,20,4,31,29,2,49
24,12,6,21,4,31,29,2,49
25,12,11,21,4,31,29,2,49
26,12,15,20,4,31,29,2,49
27,10,19,19,5,31,29,1,50
28,10,13,19,6,30,29,2,50
29,10,11,20,7,30,29,1,52
30,10,6,19,8,30,29,1,52
31,9,7,20,8,30,29,1,52
32,8,10,20,8,30,29,2,51
33,7,11,20,7,30,29,1,51
34,4,9,20,8,31,29,1,53
35,4,9,19,7,31,29,1,53
36,4,13,17,7,30,29,1,53
37,4,15,17,7,30,29,1,54
38,4,11,17,7,30,29,1,54
39,4,14,17,7,30,30,1,54
40,4,9,16,8,30,29,1,54
41,4,8,17,7,30,30,1,54
42,5,6,17,6,29,30,1,55
43,4,8,17,6,29,30,1,54
44,4,11,18,6,29,30,1,54
45,4,11,18,6,29,30,1,53
46,4,12,17,6,29,30,2,53
47,4,13,18,6,29,30,1,54
48,4,18,17,6,29,30,1,54
49,4,13,18,6,29,30,1,54
50,5,11,19,6,29,30,1,55
51,4,6,20,6,30,30,1,54
52,4,7,20,5,30,31,1,53
53,4,9,20,6,30,30,1,53
54,4,8,20,5,31,31,1,53
55,5,11,20,5,30,31,1,52
56,4,12,20,5,30,31,1,53
57,4,15,20,5,30,31,1,53
58,4,8,20,5,30,31,2,53
59,4,9,20,5,30,30,2,53
60,6,9,21,5,30,30,1,54
61,6,13,20,5,30,31,2,54
62,6,19,21,5,30,30,2,54
63,6,22,19,5,30,30,2,54
64,6,22,19,5,30,30,2,55
65,6,15,19,5,30,30,2,54
66,6,13,19,5,30,30,1,54
67,6,11,19,5,30,30,1,52
68,4,10,20,6,30,30,1,53
69,4,9,20,6,30,30,1,53
70,4,9,20,6,30,30,1,52
71,4,13,20,6,30,30,1,52
72,4,16,20,6,30,30,1,52
73,4,8,21,6,30,30,1,52
74,4,8,21,6,30,31,2,53
75,4,11,21,6,30,31,1,53
76,4,13,20,6,30,30,1,53
77,4,13,19,6,30,31,2,53
78,4,14,19,6,29,31,2,53
79,5,13,19,6,29,32,3,52
80,4,13,20,6,30,32,3,53
81,4,8,20,6,30,32,2,57
82,2,8,21,6,30,32,1,60
83,2,10,21,6,29,32,1,60
84,2,15,20,6,29,32,1,61
85,2,23,19,6,29,32,1,61
86,2,21,19,6,29,32,1,61
87,4,14,19,7,28,32,1,61
88,4,10,19,6,29,32,1,61
89,4,11,20,6,29,32,1,61
90,4,9,21,5,30,31,1,60
91,4,6,22,4,30,30,1,60
92,4,8,23,5,30,31,1,60
93,4,6,24,4,30,31,1,59
94,4,6,24,4,30,30,1,60
95,4,5,25,5,29,30,1,60
96,4,9,24,5,29,30,1,59
97,4,14,24,5,29,30,1,59
98,4,10,24,4,30,30,1,59
99,4,14,24,4,30,30,2,60
100,4,14,23,4,30,30,2,60
101,5,21,23,4,30,30,1,60
102,6,11,24,4,30,30,1,60
103,6,13,24,4,31,30,2,61
104,6,11,25,4,30,30,2,61
105,6,10,25,4,30,30,2,61
106,6,13,26,4,30,29,2,61
107,6,9,27,4,29,29,3,61
108,6,5,28,4,30,30,3,61
109,6,8,29,3,30,31,3,61
110,6,11,29,3,30,30,3,61
111,6,14,29,3,30,30,3,62
112,6,12,29,4,30,30,3,62
113,6,12,29,4,30,31,3,62
114,5,11,30,4,30,31,3,62
115,6,6,31,4,30,31,2,62
116,8,7,32,3,30,30,2,61
117,8,9,32,3,30,30,2,61
118,8,9,33,3,29,30,2,61
119,8,9,33,4,29,31,2,61
120,8,7,34,3,30,30,3,61
121,9,6,35,3,30,30,3,61
122,8,8,36,4,30,30,3,60
123,8,6,36,4,29,31,3,60
124,8,8,37,3,29,31,3,60
125,8,6,37,3,29,31,3,60
126,8,10,38,3,29,32,3,61
127,8,9,39,3,29,32,3,61
128,10,5,40,3,29,32,3,61
129,10,5,41,3,29,32,3,61
130,10,4,42,3,29,32,3,61
131,10,6,42,3,29,32,2,61
132,12,7,43,3,29,33,3,62
133,12,5,43,3,29,33,2,62
134,12,8,44,3,29,33,2,63
135,12,7,44,3,29,33,3,63
136,12,7,45,4,29,33,2,63
137,14,10,45,4,29,33,2,64
138,14,14,45,4,29,33,3,64
139,14,16,45,4,29,33,3,64
140,14,15,45,5,29,33,3,65
141,14,13,45,5,30,33,2,65
142,14,18,44,5,30,33,3,65
143,14,17,43,5,29,33,3,65
144,14,13,44,5,30,33,3,65
145,13,11,45,5,30,33,2,65
146,10,10,44,5,30,33,2,66
147,10,15,44,5,30,32,2,66
148,10,15,44,5,31,32,2,66
149,10,15,44,5,31,32,2,66
150,9,11,44,5,31,32,2,65
151,9,13,45,5,32,32,2,65
152,8,8,46,5,32,32,2,65
153,8,9,45,5,31,31,2,65
154,10,8,45,5,32,31,2,66
155,12,8,45,5,31,31,2,67
156,11,11,46,5,31,31,2,66
157,10,11,45,5,31,30,2,66
158,10,10,46,5,31,31,2,65
159,10,10,47,5,31,31,2,65
160,10,9,47,5,31,31,2,65
161,10,11,47,5,31,31,2,65
162,10,13,47,5,31,31,2,65
163,10,16,47,4,31,31,2,65
164,9,18,47,5,31,31,2,65
165,8,14,47,5,32,31,1,67
166,9,15,47,5,32,31,1,67
167,8,22,45,5,32,31,1,66
168,8,16,46,6,32,30,1,66
169,7,10,46,6,33,30,1,66
170,6,7,47,5,33,30,1,67
171,4,4,48,6,33,30,1,66
172,4,4,49,7,33,29,2,66
173,4,3,50,7,34,31,2,66
174,4,6,49,7,34,31,3,67
175,4,7,49,7,34,31,3,67
176,4,9,48,7,34,31,3,67
177,4,12,47,7,34,31,3,67
178,4,14,46,7,34,31,4,67
179,4,12,45,7,34,31,4,67
180,4,11,46,7,34,31,4,67
181,4,8,46,7,34,32,4,67
182,3,7,45,7,35,32,4,67
183,3,6,45,7,35,32,4,67
184,2,6,46,8,35,32,4,68
185,2,3,47,8,35,32,3,68
186,2,1,48,9,36,32,2,68
187,2,2,49,9,36,32,2,69
188,2,4,49,9,36,32,2,70
189,2,1,51,11,37,33,2,71
190,2,2,51,11,36,32,3,71
191,2,1,52,11,36,32,3,72
192,3,1,52,11,36,32,3,71
193,2,2,53,11,36,32,3,71
194,2,2,53,11,36,32,3,72
195,2,3,53,10,37,32,3,73
196,2,5,52,10,37,32,2,73
197,2,7,52,10,37,32,2,72
198,2,8,50,10,37,32,2,72
199,2,14,48,10,37,32,2,71
200,3,11,45,10,37,32,2,71
1,10,60,10,3,30,30,3,50
2,20,58,9,3,29,30,3,49
3,20,29,9,3,29,30,3,50
4,19,18,10,3,29,30,3,50
5,18,17,11,3,29,30,3,50
6,17,16,11,3,29,30,2,50
7,16,10,12,3,30,31,2,50
8,16,9,13,3,30,31,2,50
9,17,9,13,3,30,32,2,50
10,17,10,14,3,30,32,2,50
11,16,8,15,4,30,32,2,50
12,16,6,16,4,30,32,2,50
13,16,7,16,4,30,32,2,50
14,16,9,17,4,30,33,2,50
15,16,10,17,4,30,33,2,50
16,16,13,17,4,30,33,2,50
17,16,10,17,4,29,32,2,50
18,16,13,17,4,29,32,2,50
19,15,14,18,4,29,32,2,50
20,18,17,18,4,29,32,2,49
21,17,20,18,4,29,32,2,49
22,16,13,19,4,29,32,3,49
23,15,14,19,5,29,32,3,49
24,13,9,20,5,30,32,2,49
25,12,12,20,5,29,32,2,48
26,12,12,20,5,29,32,2,48
27,12,15,20,5,29,33,2,48
28,12,12,20,5,29,33,2,48
29,11,14,20,5,30,33,2,49
30,10,15,21,5,30,33,2,49
31,10,9,21,5,29,32,2,49
32,10,7,22,5,29,32,2,49
33,10,6,23,5,29,32,2,49
34,11,11,23,5,29,32,2,48
35,10,12,23,5,28,31,2,49
36,10,9,23,5,29,30,2,49
37,11,9,23,5,29,30,1,49
38,10,7,23,4,30,30,1,49
39,10,9,23,4,29,30,1,49
40,10,8,24,4,30,30,1,50
41,10,9,24,5,30,30,1,50
42,10,13,23,5,30,31,2,50
43,10,14,23,5,30,31,2,50
44,8,11,23,5,31,31,2,50
45,8,12,23,5,30,31,2,49
46,9,10,24,5,30,31,2,49
47,8,13,24,5,30,31,2,50
48,8,19,23,6,30,31,2,50
49,7,11,23,6,30,31,2,49
50,6,9,24,6,31,31,3,48
51,6,10,24,5,32,31,3,48
52,5,7,25,6,31,32,3,48
53,4,9,24,6,31,32,3,48
54,4,6,25,6,31,32,3,48
55,5,10,24,6,31,32,3,47
56,4,13,22,6,31,32,4,47
57,5,15,22,6,31,32,4,48
58,3,12,21,6,31,32,4,48
59,2,13,22,7,31,32,3,49
60,3,14,21,7,31,32,2,49
61,3,11,22,7,32,32,2,49
62,2,7,22,7,31,32,3,50
63,2,7,22,7,31,32,4,50
64,2,13,22,7,31,31,5,51
65,2,10,20,8,30,32,4,51
66,2,7,21,8,29,33,4,51
67,2,10,21,8,29,33,4,51
68,2,10,22,9,29,33,4,51
69,2,11,21,9,29,33,4,50
70,2,8,21,9,29,33,4,50
71,2,10,20,9,29,33,4,50
72,2,10,21,10,30,33,4,51
73,2,7,21,10,30,33,3,50
74,2,5,21,10,30,34,3,50
75,4,8,21,9,30,33,2,50
76,4,10,19,9,30,33,2,50
77,4,11,20,9,30,33,2,50
78,4,14,20,9,30,34,2,50
79,4,10,21,9,30,34,2,51
80,4,11,20,9,30,34,2,52
81,4,10,20,8,29,34,2,51
82,4,8,21,8,30,34,2,51
83,4,5,22,9,29,34,2,51
84,4,5,22,9,30,34,2,51
85,6,1,23,10,29,34,2,50
86,6,2,24,9,29,34,2,50
87,6,1,25,10,29,34,2,50
88,6,2,26,10,29,34,2,50
89,6,3,26,9,29,33,2,50
90,6,5,26,9,29,33,3,49
91,7,5,26,10,29,33,3,49
92,6,5,26,10,29,33,3,49
93,6,6,25,9,29,33,2,49
94,7,7,25,9,29,32,2,49
95,6,5,26,9,29,33,2,50
96,6,9,25,9,29,33,2,50
97,6,16,23,9,29,33,2,50
98,6,11,23,9,29,33,2,50
99,6,7,22,9,30,33,2,50
100,4,7,23,9,29,33,2,50
101,4,5,24,9,29,34,2,51
102,4,6,24,9,29,33,3,50
103,4,9,23,9,29,33,3,50
104,4,9,23,9,29,33,2,50
105,3,8,24,8,29,33,2,53
106,2,9,24,8,28,33,2,53
107,2,10,24,8,29,34,2,52
108,2,9,24,8,29,34,3,52
109,2,12,24,8,29,35,3,52
110,2,11,24,8,30,35,2,52
111,2,11,24,8,30,35,2,52
112,2,16,24,8,30,35,3,52
113,2,8,23,7,30,35,3,52
114,2,11,23,7,30,35,2,53
115,2,10,24,7,30,34,2,53
116,3,4,25,7,30,35,2,52
117,4,3,26,7,30,36,2,52
118,4,3,27,6,30,37,2,52
119,4,1,28,7,31,37,2,52
120,4,1,30,7,32,36,2,51
121,2,2,30,7,32,35,2,52
122,2,3,31,7,32,35,2,52
123,2,3,32,7,32,35,2,52
124,2,5,31,7,32,35,2,52
125,2,8,30,7,32,35,2,52
126,2,12,29,7,31,35,1,52
127,2,11,29,7,31,35,1,51
128,2,13,29,7,31,35,1,51
129,4,10,30,7,31,35,1,50
130,4,4,31,7,32,34,1,50
131,4,4,31,8,33,32,1,50
132,4,4,31,8,34,33,1,50
133,4,6,31,8,34,33,1,49
134,4,4,32,8,33,33,1,49
135,4,6,32,8,33,34,1,49
136,4,7,32,8,34,33,2,49
137,5,8,32,7,34,33,2,49
138,4,6,31,8,33,33,2,50
139,4,8,31,7,34,33,2,49
140,5,9,31,7,34,33,2,49
141,4,4,30,8,35,32,2,49
142,6,6,30,8,34,33,2,49
143,6,6,31,8,34,32,2,49
144,6,6,32,8,34,33,3,48
145,5,5,33,8,34,33,2,48
146,4,6,33,8,34,32,1,48
147,4,6,34,7,36,31,1,48
148,4,5,34,7,35,31,1,47
149,4,4,34,7,36,31,1,47
150,4,6,34,7,35,31,1,47
151,4,10,33,7,35,31,1,48
152,4,14,31,7,36,31,1,49
153,4,17,30,7,36,32,1,49
154,4,15,28,7,35,32,1,49
155,4,14,27,7,35,32,1,49
156,5,14,27,7,36,32,1,49
157,5,12,27,8,36,32,1,49
158,5,11,27,7,36,32,1,48
159,5,10,27,7,36,32,2,48
160,4,13,26,7,36,32,2,47
161,5,13,25,8,36,31,3,47
162,4,16,24,8,36,31,2,46
163,6,14,23,8,36,31,3,46
164,8,9,23,9,35,31,3,46
165,8,6,24,8,35,31,3,46
166,8,3,25,8,35,32,3,46
167,7,5,26,8,35,32,3,46
168,6,4,27,7,35,33,2,46
169,6,3,28,8,35,33,2,46
170,6,4,28,9,35,32,2,47
171,6,8,28,9,35,32,2,47
172,6,11,26,9,35,32,2,47
173,5,13,25,9,35,31,2,48
174,4,10,25,9,35,31,3,50
175,4,10,25,9,35,31,4,50
176,3,10,25,8,35,30,3,50
177,2,11,24,8,35,30,1,50
178,4,7,24,9,35,30,1,50
179,4,7,24,8,34,30,1,50
180,4,7,24,9,34,30,2,50
181,4,6,25,8,34,29,2,50
182,4,5,26,9,34,30,2,51
183,4,7,26,9,34,29,1,50
184,4,8,25,8,34,29,1,50
185,4,12,25,8,34,29,1,51
186,4,7,26,8,34,28,1,51
187,6,3,27,8,34,28,1,50
188,6,2,28,8,34,29,1,50
189,6,2,29,7,34,29,1,51
190,8,3,29,7,34,29,1,51
191,8,4,30,7,34,28,1,51
192,8,6,30,7,34,28,1,51
193,8,7,29,7,34,28,1,51
194,8,12,28,7,34,28,1,52
195,8,14,26,7,34,28,1,52
196,9,15,25,7,34,28,1,53
197,8,16,24,7,34,28,2,53
198,8,11,24,8,35,28,1,53
199,8,8,25,8,35,27,1,53
200,8,8,24,8,35,27,1,53
1,10,60,10,3,30,30,3,50
2,20,74,9,3,30,30,3,49
3,21,29,9,3,30,30,3,49
4,21,22,10,2,30,30,3,49
5,20,12,11,3,30,30,3,49
6,20,7,12,3,30,30,3,49
7,20,7,12,3,30,30,3,49
8,20,8,13,4,30,30,3,49
9,20,10,14,4,30,30,3,49
10,20,6,15,3,30,30,3,49
11,20,3,16,4,31,30,3,49
12,20,4,17,3,32,30,3,49
13,20,4,18,3,33,29,3,49
14,22,5,19,3,34,29,3,49
15,22,6,19,4,33,28,3,49
16,22,10,20,4,33,29,2,49
17,24,12,20,4,33,29,3,49
18,23,9,20,4,33,29,2,49
19,23,11,21,4,33,29,2,49
20,22,6,20,4,34,29,2,49
21,21,9,21,4,34,29,2,49
22,20,6,21,5,34,29,2,50
23,20,7,21,5,34,30,2,50
24,20,7,21,5,33,30,2,50
25,22,7,21,6,34,30,2,50
26,22,6,22,5,33,30,2,50
27,20,7,23,4,33,31,3,50
28,18,5,24,5,33,30,3,50
29,19,7,23,6,33,30,3,50
30,18,10,23,5,33,30,3,50
31,18,15,23,5,33,30,3,50
32,18,13,22,5,33,29,3,50
33,17,13,22,5,33,29,3,50
34,16,15,21,5,33,30,2,50
35,16,18,21,5,33,29,2,50
36,20,23,21,5,33,29,2,50
37,18,17,22,5,33,29,2,50
38,19,4,23,5,34,30,3,50
39,18,2,24,6,34,29,3,50
40,17,3,25,6,35,29,2,50
41,16,3,26,6,35,29,2,50
42,16,4,27,7,35,29,2,50
43,16,3,28,7,37,29,2,50
44,16,5,28,6,36,29,2,50
45,16,7,28,6,36,29,2,50
46,16,11,27,6,36,29,3,50
47,16,12,26,6,36,29,3,50
48,16,14,26,5,36,29,3,50
49,16,13,26,6,36,29,2,50
50,16,14,25,6,36,29,2,50
51,16,19,22,7,37,29,3,50
52,16,15,21,7,37,29,3,50
53,15,15,21,6,37,29,3,49
54,13,10,20,7,37,28,3,50
55,10,11,21,7,37,28,3,50
56,10,14,20,8,37,27,2,49
57,8,12,21,8,37,26,2,47
58,8,4,21,10,37,26,2,47
59,10,6,21,11,37,26,2,47
60,9,5,21,11,38,25,2,47
61,8,6,21,9,38,26,2,47
62,8,4,21,12,37,25,2,46
63,8,5,21,12,37,25,2,46
64,8,5,21,11,37,25,2,47
65,9,3,21,9,38,25,2,47
66,10,2,23,9,38,25,2,46
67,8,1,24,10,38,25,2,46
68,8,1,25,11,38,26,3,46
69,8,1,27,11,38,26,3,46
70,8,2,28,10,38,26,3,46
71,8,3,28,10,38,26,4,46
72,8,1,28,10,38,26,4,46
73,9,2,29,10,38,26,4,47
74,7,3,29,10,38,26,4,46
75,5,5,28,9,38,25,4,47
76,4,6,27,9,38,25,4,49
77,6,8,26,9,37,25,4,52
78,5,5,25,9,38,25,4,50
79,6,7,25,9,38,25,4,52
80,5,1,25,8,39,26,3,50
81,4,1,27,8,39,26,2,48
82,4,2,28,7,39,26,2,49
83,4,2,28,7,40,26,2,49
84,4,2,29,7,40,26,1,49
85,4,4,30,7,40,26,1,49
86,4,5,30,7,41,27,2,49
87,4,7,30,7,40,26,2,49
88,4,7,29,7,40,26,1,49
89,4,12,29,7,40,26,1,50
90,4,14,26,7,40,26,1,50
91,3,17,25,7,40,26,1,53
92,2,17,24,7,40,26,1,58
93,2,10,24,7,41,27,1,58
94,2,10,23,7,40,27,1,58
95,2,13,24,7,40,26,1,58
96,2,10,23,7,40,26,1,59
97,2,14,22,7,41,26,1,58
98,2,18,20,7,41,26,1,57
99,4,19,19,6,41,25,1,57
100,4,18,17,6,41,25,1,58
101,4,24,17,6,41,25,1,57
102,4,13,16,6,42,25,1,57
103,4,13,17,6,42,26,1,58
104,4,10,18,6,42,25,1,58
105,4,6,18,7,43,25,2,58
106,4,7,18,6,43,24,2,58
107,4,10,18,5,43,24,2,58
108,5,7,19,6,43,24,2,58
109,4,10,18,6,43,24,2,58
110,3,13,17,7,43,23,2,59
111,2,17,16,7,43,23,1,58
112,2,19,16,7,43,23,1,58
113,2,17,15,7,43,23,1,58
114,4,20,13,7,42,23,1,58
115,4,21,13,7,43,23,1,58
116,4,18,12,7,43,22,1,59
117,4,22,11,7,43,23,1,59
118,4,20,10,7,43,22,1,59
119,4,23,8,7,43,22,1,59
120,3,16,7,7,43,22,1,59
121,6,11,8,6,43,23,1,59
122,6,6,9,7,44,22,1,58
123,6,6,10,6,44,22,1,58
124,6,7,10,7,44,23,2,58
125,6,7,11,6,43,22,3,57
126,6,6,12,6,43,21,3,57
127,6,4,12,6,43,19,3,57
128,7,7,12,6,42,19,2,57
129,6,11,11,6,42,19,2,57
130,6,11,12,5,42,20,2,57
131,7,9,12,5,42,19,2,57
132,9,13,12,5,42,20,2,57
133,8,9,13,5,42,19,2,58
134,10,7,13,5,42,18,2,57
135,10,6,13,5,42,18,3,58
136,10,7,14,5,42,18,3,57
137,10,9,13,5,43,19,3,57
138,10,8,13,6,42,19,3,57
139,10,8,13,6,43,20,3,57
140,11,10,14,6,43,20,3,57
141,11,12,14,6,42,20,3,58
142,10,8,15,5,43,19,3,58
143,11,6,16,6,43,20,3,57
144,10,7,16,5,43,20,3,58
145,10,9,16,5,44,20,2,58
146,10,12,17,5,44,20,2,57
147,10,14,17,5,44,20,2,57
148,9,15,17,5,43,20,2,57
149,7,10,17,6,43,20,1,57
150,6,9,15,6,43,20,1,56
151,6,13,15,6,43,20,1,57
152,8,11,15,6,43,19,1,56
153,6,17,13,6,43,19,1,57
154,6,19,12,6,43,20,1,57
155,9,14,12,7,43,20,1,57
156,7,12,12,7,42,21,1,59
157,7,6,13,7,42,22,1,59
158,4,8,12,7,42,22,1,60
159,4,10,12,7,42,23,1,60
160,4,14,12,7,42,23,1,60
161,4,12,11,7,43,23,1,59
162,4,14,11,7,42,23,1,59
163,6,11,10,7,42,23,1,59
164,4,11,10,7,42,23,1,60
165,4,15,10,8,41,23,1,61
166,8,6,11,9,41,23,1,61
167,8,6,11,8,42,23,1,61
168,8,6,11,10,41,22,1,60
169,9,5,11,8,42,23,1,60
170,8,6,12,7,43,24,1,60
171,8,6,12,8,43,24,2,60
172,8,6,12,9,42,26,2,59
173,8,7,12,10,42,26,2,60
174,9,8,12,9,42,26,2,60
175,7,7,12,7,43,25,2,60
176,7,11,13,7,43,25,2,59
177,6,15,13,7,44,24,2,60
178,6,14,13,7,44,25,2,60
179,8,8,14,7,43,25,2,61
180,9,10,14,8,43,25,2,61
181,9,9,14,7,43,25,2,61
182,9,10,14,5,44,24,2,60
183,7,8,15,3,45,24,2,60
184,6,10,15,3,45,24,3,59
185,6,14,15,3,45,24,2,60
186,6,17,16,3,46,24,2,60
187,6,13,16,3,45,24,2,60
188,6,15,17,3,46,24,2,60
189,6,17,17,3,46,24,3,60
190,6,17,17,3,46,24,3,60
191,6,18,18,4,46,24,3,60
192,6,18,17,4,46,25,3,61
193,8,21,17,4,46,25,3,61
194,8,22,17,4,46,25,4,61
195,7,29,15,4,46,25,3,61
196,6,24,15,4,46,25,3,61
197,7,28,14,4,46,25,3,61
198,6,22,15,4,46,24,3,62
199,8,15,15,4,46,25,4,62
200,8,6,16,4,47,24,4,61
1,10,60,11,3,30,30,3,50
2,20,64,9,2,30,30,2,50
3,22,33,10,3,29,30,2,50
4,26,6,12,3,30,29,2,50
5,26,8,13,3,30,29,3,49
6,26,4,14,2,30,29,3,49
7,26,5,15,2,30,29,3,50
8,26,8,16,2,30,28,3,49
9,26,14,17,2,30,28,3,49
10,26,12,18,2,31,28,3,49
11,26,11,19,2,31,28,3,49
12,24,12,19,2,31,28,2,49
13,22,16,19,2,31,28,2,50
14,22,18,19,2,31,28,2,50
15,22,19,19,2,31,29,2,50
16,22,19,19,3,31,28,2,50
17,22,25,18,3,31,28,2,51
18,22,27,18,3,31,28,2,51
19,22,22,18,3,31,28,2,50
20,22,26,19,4,31,28,3,50
21,22,18,19,3,31,28,3,51
22,19,13,20,4,32,28,2,51
23,18,7,21,4,32,29,2,51
24,18,10,22,4,32,29,2,51
25,18,10,23,4,31,29,2,51
26,17,10,23,4,31,29,2,51
27,16,6,24,4,32,30,2,51
28,16,10,24,4,32,29,2,51
29,15,14,24,4,32,29,2,51
30,15,18,24,4,32,30,2,52
31,14,17,24,4,34,30,2,52
32,16,18,24,4,33,30,2,52
33,16,17,25,4,34,30,2,52
34,17,19,25,4,34,30,2,52
35,16,15,25,4,34,30,2,52
36,16,15,25,4,34,30,2,52
37,15,15,26,5,35,29,2,52
38,15,12,26,5,35,30,2,51
39,14,14,26,6,35,30,1,51
40,14,14,25,6,35,31,1,52
41,14,17,24,6,35,30,1,52
42,14,16,23,6,35,30,1,52
43,16,20,23,6,35,30,1,52
44,16,19,21,6,35,29,1,52
45,14,15,21,6,35,30,2,52
46,15,13,21,6,35,30,2,52
47,14,11,22,5,35,29,2,52
48,16,14,22,5,35,29,2,53
49,16,15,22,5,35,30,2,53
50,16,19,22,5,35,30,2,53
51,17,16,22,5,34,30,2,53
52,16,19,23,5,34,30,2,53
53,16,20,23,5,34,30,2,53
54,16,14,22,4,34,30,2,52
55,16,14,23,5,34,30,2,52
56,14,9,24,5,34,31,2,52
57,13,6,24,6,34,32,2,53
58,12,10,24,6,34,32,2,54
59,12,10,24,6,34,32,2,54
60,10,10,24,6,34,32,2,53
61,10,11,25,6,34,32,2,53
62,11,5,25,6,35,32,2,53
63,9,8,25,6,34,32,2,53
64,8,12,25,6,34,32,2,53
65,8,12,25,6,34,32,2,54
66,8,18,24,6,34,32,2,54
67,8,15,25,6,34,32,2,53
68,8,8,25,5,34,32,2,53
69,8,11,26,5,34,32,3,53
70,8,8,26,5,34,32,3,53
71,9,6,26,5,34,32,3,54
72,8,3,28,4,34,31,3,54
73,8,4,28,5,33,31,2,54
74,8,5,29,5,33,31,2,53
75,8,5,30,4,34,31,2,53
76,8,8,31,4,34,31,2,53
77,8,9,31,4,34,31,2,53
78,8,9,32,4,34,31,2,53
79,8,7,32,4,34,31,2,53
80,8,10,32,3,34,31,2,53
81,8,11,32,3,34,31,2,53
82,8,11,33,5,33,31,3,52
83,7,7,33,4,33,31,2,53
84,6,10,33,4,34,31,2,54
85,6,10,34,5,34,31,2,55
86,6,5,35,4,34,31,2,55
87,8,6,35,4,35,31,2,55
88,8,9,35,3,35,32,2,55
89,8,11,35,3,35,32,2,56
90,8,16,34,3,35,31,1,56
91,8,17,34,3,34,31,1,56
92,8,15,34,3,35,32,2,56
93,9,11,35,4,35,32,2,56
94,8,14,35,4,35,32,2,56
95,8,19,34,4,35,32,2,56
96,8,26,32,4,34,32,2,55
97,8,20,31,5,34,32,2,56
98,8,16,30,5,34,33,2,55
99,9,10,31,5,34,33,3,56
100,9,12,31,6,34,33,3,56
101,10,7,31,6,34,33,3,55
102,10,8,31,7,34,33,3,55
103,10,9,31,6,34,34,3,56
104,10,11,31,6,35,33,2,56
105,10,6,33,5,35,34,2,56
106,10,4,34,5,36,33,2,55
107,10,4,34,6,36,34,2,55
108,10,3,36,6,36,34,2,55
109,10,4,37,6,36,34,2,55
110,9,5,38,6,36,33,2,55
111,8,4,38,6,36,33,1,55
112,8,6,37,7,37,33,1,56
113,8,6,37,6,36,33,1,56
114,8,10,37,6,36,33,1,57
115,8,14,35,7,36,33,1,57
116,8,13,34,6,36,33,2,57
117,7,9,34,7,37,33,2,56
118,6,9,34,7,37,32,2,56
119,6,7,35,6,36,34,2,56
120,6,6,35,6,36,34,2,55
121,6,8,35,7,37,34,2,55
122,6,7,35,7,36,35,2,55
123,8,6,36,7,36,35,2,59
124,9,8,36,8,36,35,2,57
125,8,8,37,7,37,35,2,59
126,8,6,37,8,36,35,2,59
127,9,9,36,8,36,35,2,59
128,8,11,35,8,36,35,2,59
129,8,13,36,8,36,35,2,59
130,8,12,35,8,36,35,2,59
131,8,15,35,8,36,35,2,58
132,7,14,34,8,36,35,2,60
133,7,13,35,8,36,35,2,63
134,7,3,36,8,36,35,2,62
135,6,4,36,8,37,35,2,63
136,6,5,37,9,36,34,2,62
137,6,4,38,8,37,33,2,62
138,6,5,39,8,36,33,1,62
139,6,7,38,8,37,33,1,62
140,6,10,38,7,37,33,1,62
141,6,11,37,7,37,33,2,62
142,6,13,37,7,37,33,2,62
143,6,12,35,7,37,33,2,62
144,6,15,34,7,37,32,1,62
145,7,15,33,7,36,33,1,62
146,6,9,33,7,36,33,1,61
147,7,10,33,7,37,33,2,61
148,7,11,34,7,37,32,2,61
149,6,4,34,7,36,32,1,61
150,5,8,34,7,36,32,2,60
151,4,10,34,7,36,32,2,59
152,4,8,34,6,36,32,2,59
153,4,8,35,6,37,32,2,59
154,4,8,35,6,37,32,3,59
155,4,9,36,6,37,33,3,59
156,4,5,38,5,37,33,3,59
157,4,6,38,5,37,33,3,59
158,3,7,39,5,37,34,3,60
159,2,10,39,5,37,34,2,62
160,2,12,37,5,37,34,2,63
161,2,14,37,5,37,34,2,63
162,2,12,37,5,37,34,2,62
163,2,17,37,5,37,33,2,61
164,2,21,36,5,37,34,2,61
165,3,16,35,5,37,33,2,61
166,3,15,35,6,36,33,2,61
167,2,16,35,6,36,33,3,61
168,2,6,36,6,36,33,2,61
169,2,10,36,6,36,33,2,60
170,2,8,36,6,37,33,2,60
171,2,14,36,6,37,33,2,60
172,2,17,35,6,36,32,2,61
173,2,17,35,6,37,32,2,60
174,2,14,35,6,37,32,2,60
175,2,11,34,6,37,33,2,61
176,2,14,33,6,37,32,1,61
177,2,15,32,6,38,32,1,61
178,2,18,31,6,38,32,1,61
179,2,15,31,6,38,32,2,61
180,2,15,31,6,39,32,2,61
181,2,15,31,6,39,32,2,61
182,2,12,31,6,39,32,2,62
183,2,11,31,6,39,33,3,62
184,2,12,31,6,37,33,2,62
185,2,9,31,6,38,33,2,62
186,2,10,31,6,39,34,2,62
187,2,9,31,6,38,34,2,61
188,2,9,31,6,38,34,2,61
189,2,7,31,6,40,33,2,60
190,2,12,31,6,40,33,2,59
191,2,16,30,6,39,33,2,59
192,2,16,30,6,39,33,2,59
193,3,14,30,6,38,33,2,59
194,2,16,29,6,38,33,1,58
195,4,19,29,6,38,33,1,58
196,4,15,29,6,39,32,1,59
197,4,12,28,6,40,32,1,59
198,4,18,27,6,41,32,1,59
199,4,20,28,5,42,32,1,59
200,6,11,28,5,43,31,1,59
1,10,60,10,3,30,30,3,50
2,20,65,9,3,29,30,3,49
3,20,33,10,3,29,30,3,49
4,20,18,11,3,29,30,3,49
5,20,13,12,3,30,30,3,49
6,19,6,13,3,30,30,3,49
7,18,8,14,3,29,30,3,49
8,20,4,15,3,30,30,2,49
9,20,4,16,3,30,30,3,49
10,19,3,17,3,29,30,3,49
11,18,3,18,4,28,31,2,49
12,18,5,19,4,28,30,2,49
13,18,5,20,4,28,31,2,49
14,18,9,19,4,28,31,2,49
15,18,13,20,4,28,30,2,49
16,18,10,21,4,28,30,2,49
17,18,8,22,4,27,29,2,49
18,17,9,22,4,27,30,2,49
19,16,14,22,4,27,30,2,49
20,16,12,21,4,28,30,2,50
21,15,20,21,4,27,30,2,50
22,14,17,20,5,28,29,1,49
23,14,20,19,5,28,29,2,49
24,14,21,18,5,28,29,2,49
25,16,16,19,5,28,30,2,50
26,15,7,20,5,29,30,2,50
27,14,8,21,5,29,30,2,50
28,16,11,21,5,28,30,2,50
29,16,11,22,5,29,30,2,50
30,15,9,22,5,28,30,2,50
31,14,11,23,5,28,31,1,50
32,14,9,23,5,28,31,2,50
33,14,11,23,5,28,31,2,50
34,14,16,24,5,28,31,2,50
35,14,17,22,5,28,31,2,50
36,14,16,22,5,27,31,2,50
37,15,10,22,6,27,31,2,50
38,12,16,23,5,27,31,2,50
39,12,11,24,5,27,31,2,50
40,12,6,25,5,27,31,2,50
41,12,7,26,5,27,31,2,49
42,12,6,27,5,27,31,2,50
43,12,3,27,5,27,32,2,50
44,12,5,28,5,27,32,2,50
45,12,5,28,6,28,32,2,50
46,12,6,29,5,28,33,2,50
47,12,9,29,5,28,33,2,50
48,12,10,29,5,28,33,2,50
49,12,8,30,5,28,33,2,50
50,12,8,31,5,28,33,2,51
51,12,8,31,5,28,33,1,51
52,12,10,31,5,28,33,2,51
53,12,9,31,5,28,33,2,51
54,13,10,30,5,28,33,2,52
55,12,13,30,5,28,32,2,51
56,12,18,29,5,27,33,2,51
57,12,17,30,5,27,32,2,51
58,12,19,29,5,27,32,2,51
59,12,19,29,5,27,31,2,51
60,13,17,29,5,27,31,2,51
61,12,16,28,5,27,31,2,51
62,12,15,27,5,28,31,2,50
63,10,15,27,5,28,31,2,50
64,11,15,27,6,28,31,2,51
65,10,16,27,6,28,32,2,51
66,8,15,28,6,28,32,2,51
67,8,15,28,6,28,32,2,51
68,8,12,28,6,28,31,2,51
69,9,9,28,6,29,32,2,51
70,9,7,29,6,29,31,2,50
71,8,5,30,5,29,32,2,51
72,8,5,31,5,29,32,2,51
73,8,8,31,5,29,32,2,51
74,8,8,32,5,29,32,2,51
75,8,10,32,5,29,32,2,51
76,8,13,32,4,29,32,2,50
77,7,9,32,5,29,32,2,51
78,6,10,33,5,29,32,1,52
79,6,11,33,5,29,32,2,52
80,7,9,34,5,30,32,2,53
81,6,6,34,5,30,31,2,52
82,6,7,35,6,30,30,2,51
83,6,6,35,6,30,30,2,51
84,6,8,36,6,29,30,2,50
85,6,7,36,6,29,30,2,50
86,6,11,36,6,30,30,2,51
87,6,14,34,6,30,30,2,51
88,6,18,32,6,29,30,2,51
89,6,23,30,6,30,30,2,51
90,5,20,30,6,30,30,2,48
91,4,19,30,6,30,30,2,49
92,4,17,30,6,31,30,1,49
93,4,16,29,5,30,30,1,49
94,4,12,29,5,31,29,1,48
95,4,13,30,6,31,30,1,48
96,4,15,28,6,31,30,1,49
97,4,20,28,6,32,30,1,49
98,4,18,29,6,31,30,1,49
99,4,6,29,7,33,30,1,49
100,4,7,30,6,33,31,1,50
101,4,6,31,6,33,31,1,50
102,4,9,31,6,33,31,1,51
103,4,11,29,6,33,31,1,51
104,4,18,28,6,33,31,1,51
105,4,20,27,6,33,30,1,51
106,4,24,28,6,33,30,1,51
107,4,16,27,6,33,30,1,51
108,4,14,28,6,33,30,1,51
109,4,12,28,6,33,31,1,51
110,4,8,28,6,33,30,1,51
111,4,8,29,6,33,30,1,51
112,4,7,29,6,33,30,1,51
113,4,12,30,6,33,30,1,51
114,4,14,29,6,33,30,1,51
115,4,16,29,6,33,30,1,50
116,4,15,28,6,33,30,1,50
117,2,15,27,6,33,30,1,44
118,2,15,27,6,33,29,1,44
119,2,14,28,6,33,29,1,44
120,2,14,28,6,33,29,1,44
121,2,10,29,6,34,29,1,45
122,2,7,28,6,34,29,1,45
123,4,6,29,6,33,28,1,45
124,6,4,30,6,32,29,1,45
125,6,5,30,6,32,30,1,45
126,6,7,31,6,32,30,1,45
127,6,9,31,6,32,30,1,45
128,6,6,32,7,32,30,1,45
129,6,5,33,7,32,30,1,45
130,6,3,34,8,32,31,2,45
131,6,1,35,7,33,31,2,45
132,6,2,36,7,33,31,1,46
133,6,2,36,7,33,31,1,46
134,6,4,37,7,32,31,1,46
135,6,4,37,7,33,31,2,46
136,6,4,38,7,33,31,3,46
137,6,6,37,6,33,31,3,46
138,6,9,37,7,32,31,3,46
139,6,12,36,6,32,31,4,45
140,6,11,35,6,32,31,4,45
141,6,11,35,6,32,31,4,45
142,7,10,34,6,32,31,4,45
143,6,15,32,6,32,31,4,45
144,5,11,33,7,32,31,4,45
145,4,8,32,7,31,31,4,44
146,6,9,31,6,32,31,4,45
147,6,10,30,6,32,31,4,44
148,7,8,31,6,33,31,4,45
149,5,10,30,6,33,31,5,44
150,4,12,30,6,32,30,5,43
151,3,6,32,6,32,30,5,41
152,2,4,33,5,33,30,4,39
153,2,6,33,5,32,30,3,39
154,2,8,34,5,32,29,3,40
155,2,8,34,6,32,30,4,39
156,2,8,34,6,31,29,4,38
157,2,10,33,6,32,30,3,38
158,2,11,33,7,32,30,3,38
159,2,11,34,6,32,30,2,37
160,2,10,34,6,32,30,2,37
161,2,12,33,6,32,30,2,37
162,2,13,32,5,32,30,3,37
163,2,12,32,5,31,30,2,37
164,2,17,31,4,31,30,1,37
165,2,19,30,5,31,30,1,37
166,2,22,30,4,32,30,1,38
167,2,15,31,5,32,30,2,39
168,2,8,31,5,31,30,2,39
169,3,7,32,5,31,30,1,38
170,2,4,33,3,30,30,1,38
171,2,6,34,4,30,30,1,38
172,2,7,35,4,30,30,2,37
173,2,6,36,4,29,30,2,37
174,2,4,36,4,30,30,2,37
175,2,7,35,4,30,30,2,37
176,2,13,35,4,30,30,2,38
177,2,12,35,5,30,30,1,37
178,2,13,35,4,29,30,1,36
179,2,13,36,5,30,30,1,35
180,2,9,36,5,30,30,1,35
181,2,13,36,5,30,30,1,34
182,2,14,35,4,30,31,1,34
183,2,16,33,5,30,30,2,35
184,2,15,33,5,29,31,2,36
185,2,18,33,5,29,30,2,36
186,2,20,32,4,30,30,2,35
187,2,15,32,4,30,30,3,34
188,2,16,33,4,30,30,2,34
189,2,13,33,4,30,30,2,34
190,2,14,34,4,30,30,3,33
191,2,15,34,4,30,30,3,32
192,3,14,35,3,30,30,3,32
193,2,10,35,3,29,30,3,31
194,2,14,35,3,29,30,3,32
195,2,15,36,3,29,31,4,32
196,2,16,36,4,30,31,5,32
197,2,11,36,4,30,32,5,32
198,2,14,37,3,30,30,6,32
199,1,14,37,4,30,30,6,32
200,1,12,37,4,30,32,6,32
1,10,60,10,3,30,30,3,50
2,20,74,9,3,30,29,2,49
3,20,36,10,3,30,29,3,49
4,20,16,10,3,30,29,3,49
5,20,7,12,4,30,29,3,49
6,20,7,13,5,30,29,3,49
7,19,4,13,7,30,29,3,49
8,18,5,14,7,30,29,3,49
9,18,6,14,7,30,29,3,49
10,17,9,14,7,30,29,3,49
11,16,14,14,7,30,29,3,49
12,16,13,13,7,29,29,3,49
13,15,16,14,7,29,29,2,49
14,14,14,14,7,29,29,2,49
15,14,11,14,7,28,30,3,49
16,14,9,15,8,28,30,2,49
17,14,8,14,8,27,30,2,49
18,14,8,15,8,27,30,3,49
19,13,7,15,8,27,30,3,49
20,12,4,16,8,27,30,3,48
21,11,6,17,7,27,30,2,48
22,10,9,18,8,27,30,2,49
23,10,9,19,8,27,30,2,48
24,10,4,19,8,28,30,2,48
25,10,8,17,8,28,30,2,48
26,10,12,17,8,28,30,2,48
27,9,12,16,8,27,30,2,49
28,8,17,16,8,28,30,2,49
29,8,19,16,8,27,30,2,49
30,8,15,16,9,27,31,2,50
31,8,9,16,8,27,30,2,50
32,8,9,16,8,26,31,1,50
33,8,6,16,7,25,31,2,50
34,8,7,17,8,27,31,2,50
35,8,5,17,8,27,31,2,50
36,9,6,17,7,26,31,1,51
37,8,8,18,7,26,31,1,51
38,8,9,18,8,27,31,1,51
39,8,8,17,8,28,31,1,51
40,8,11,17,9,28,31,1,51
41,8,9,18,8,28,31,1,51
42,8,11,17,8,28,31,2,51
43,8,9,18,7,27,32,2,51
44,8,6,19,7,28,32,1,51
45,10,2,20,7,28,33,1,51
46,8,4,21,7,28,33,1,51
47,8,6,22,7,27,33,2,51
48,8,5,22,7,26,33,2,50
49,8,6,22,7,26,33,1,50
50,8,6,22,7,27,33,1,50
51,8,8,23,7,28,33,1,50
52,8,7,23,7,27,33,1,50
53,8,8,23,8,28,34,1,49
54,8,9,22,8,29,34,1,49
55,8,12,20,8,29,33,1,49
56,10,17,19,8,29,33,1,49
57,10,11,20,8,29,33,1,49
58,10,10,19,7,30,33,1,50
59,12,11,19,7,29,33,1,50
60,12,13,19,7,29,33,1,52
61,12,13,18,7,30,32,1,52
62,12,14,18,7,29,33,1,52
63,12,13,19,6,29,33,1,52
64,12,11,19,6,28,33,1,52
65,12,10,20,6,27,34,1,52
66,12,11,20,6,27,33,1,52
67,12,9,20,6,27,34,1,52
68,13,10,21,6,27,33,1,52
69,12,10,21,6,27,33,1,52
70,12,7,23,6,28,33,1,51
71,12,8,23,6,28,33,1,51
72,12,6,24,5,28,33,1,52
73,12,10,24,5,28,33,1,52
74,13,9,25,5,29,33,1,51
75,12,12,24,5,28,33,2,51
76,12,14,25,6,28,33,2,51
77,12,11,25,6,28,33,2,51
78,12,9,26,6,27,33,1,51
79,12,8,26,6,28,33,2,51
80,12,10,26,6,28,32,2,50
81,12,17,26,6,28,32,2,50
82,12,14,26,6,28,32,2,51
83,12,13,27,7,28,32,2,51
84,12,16,27,6,28,32,2,51
85,13,12,27,6,28,32,2,51
86,12,11,27,6,27,31,2,51
87,12,9,28,7,29,32,2,51
88,12,8,29,6,28,32,3,51
89,11,8,29,7,29,33,3,50
90,10,10,28,7,30,33,3,49
91,10,10,28,9,32,35,3,50
92,10,12,27,9,33,35,3,50
93,9,12,26,9,33,35,3,49
94,9,7,25,10,34,34,2,49
95,8,8,24,10,34,35,2,48
96,9,10,22,11,34,35,2,47
97,9,9,23,11,34,35,2,47
98,8,8,23,11,34,35,2,49
99,8,6,23,11,35,35,2,49
100,8,7,23,11,35,36,2,49
101,8,8,23,12,35,36,3,49
102,8,6,23,12,35,35,3,49
103,7,11,22,12,35,35,2,49
104,6,5,22,12,35,36,1,50
105,7,5,22,14,36,36,2,51
106,6,4,23,13,37,36,2,50
107,6,3,23,13,37,37,2,50
108,6,4,24,13,36,36,2,50
109,6,2,25,14,38,36,2,50
110,6,2,26,14,38,36,2,50
111,6,2,26,13,38,36,2,50
112,6,3,26,13,38,37,3,50
113,7,4,26,13,38,37,3,51
114,7,2,27,14,38,37,3,51
115,6,2,28,15,38,36,3,50
116,6,2,29,15,38,36,3,50
117,5,3,29,15,38,36,3,50
118,4,4,28,15,38,36,2,48
119,4,7,24,15,38,37,2,48
120,4,11,21,15,38,37,2,48
121,5,13,15,15,38,36,2,51
122,4,17,12,15,38,36,2,48
123,4,10,11,15,38,36,3,48
124,7,4,11,16,38,37,3,50
125,9,4,12,17,38,37,3,52
126,7,6,12,16,38,37,3,53
127,6,7,11,16,38,36,3,52
128,6,8,10,17,38,36,3,52
129,6,8,9,17,37,37,2,52
130,8,10,9,16,37,36,2,51
131,6,9,9,17,37,36,2,53
132,7,8,9,16,37,37,2,51
133,8,6,10,16,36,36,2,55
134,8,7,9,16,36,35,2,55
135,9,3,10,15,36,35,2,56
136,9,3,11,15,37,35,2,56
137,8,5,12,15,37,35,1,55
138,8,4,12,15,37,35,2,55
139,8,2,13,14,38,34,2,55
140,9,2,13,15,38,34,2,53
141,8,2,14,15,38,34,2,55
142,8,3,14,15,38,34,2,55
143,8,5,14,14,38,34,2,55
144,8,7,13,14,38,34,2,55
145,8,6,13,14,39,34,3,55
146,8,9,13,13,38,34,2,55
147,8,9,12,13,38,34,2,55
148,10,6,12,14,38,34,2,51
149,12,6,13,14,38,34,3,49
150,12,6,13,13,37,34,3,49
151,12,4,14,13,37,35,2,49
152,13,4,15,12,36,35,2,49
153,12,1,17,12,36,35,2,50
154,12,2,18,12,36,35,2,50
155,12,4,18,12,36,35,2,50
156,11,4,18,13,35,34,2,51
157,10,6,18,13,35,33,2,52
158,10,5,18,12,35,33,2,51
159,12,3,19,12,35,33,2,52
160,12,5,18,12,35,33,2,52
161,13,8,18,12,35,33,2,53
162,11,10,17,12,35,33,2,52
163,10,11,17,12,35,33,1,51
164,10,9,17,12,35,33,1,51
165,12,8,18,12,35,33,2,52
166,12,4,17,13,35,34,2,52
167,12,6,17,12,35,34,2,51
168,12,8,18,12,35,34,2,51
169,12,8,18,12,35,34,2,50
170,10,5,18,12,35,34,2,49
171,10,3,19,12,35,34,2,49
172,10,2,21,12,36,35,2,49
173,10,2,21,12,36,35,2,49
174,10,3,22,12,36,35,2,48
175,10,2,22,12,36,35,2,48
176,9,3,23,12,35,35,2,49
177,8,3,22,12,35,34,3,51
178,8,3,23,12,35,34,3,50
179,8,1,23,12,35,35,3,50
180,9,1,24,12,35,35,3,50
181,8,2,25,11,34,35,4,50
182,8,2,26,11,34,35,4,50
183,10,3,27,12,34,35,4,46
184,10,2,28,11,34,35,4,46
185,9,4,28,11,34,34,4,45
186,8,3,28,11,34,35,4,45
187,7,3,28,11,34,34,3,47
188,6,5,28,10,34,34,3,49
189,6,5,27,11,34,34,3,49
190,8,6,27,10,34,34,3,51
191,8,7,25,10,34,34,4,51
192,8,13,22,11,34,34,4,52
193,7,6,21,11,36,34,4,52
194,7,5,21,11,36,34,3,51
195,6,6,21,11,36,34,3,51
196,6,4,22,11,36,34,3,51
197,5,5,22,11,36,34,3,51
198,4,7,22,11,35,34,3,50
199,4,8,21,11,35,35,3,50
200,4,6,20,10,35,34,4,50
1,10,60,11,3,30,30,3,50
2,20,67,10,2,30,29,2,49
3,19,21,11,3,30,29,2,49
4,19,13,12,2,30,30,2,49
5,18,11,12,3,30,29,3,50
6,18,15,13,3,30,29,3,50
7,18,12,15,3,30,29,3,49
8,18,7,16,3,30,28,3,49
9,17,4,17,3,29,28,2,49
10,16,8,18,3,29,28,2,49
11,16,8,18,3,29,28,2,49
12,16,7,19,3,29,28,2,49
13,16,6,20,3,29,28,2,49
14,16,8,20,2,29,28,2,49
15,16,11,21,2,28,28,2,49
16,15,10,22,3,28,28,3,49
17,14,12,23,3,28,29,3,49
18,13,16,23,3,28,28,2,49
19,12,14,23,2,28,28,2,49
20,12,21,23,2,28,28,2,49
21,12,20,23,2,28,28,2,49
22,12,21,23,3,28,28,2,49
23,12,19,23,3,28,28,3,48
24,11,14,24,3,28,28,3,49
25,10,11,25,3,28,27,3,49
26,10,12,24,3,28,27,3,49
27,10,16,24,3,28,28,3,49
28,9,12,24,3,29,28,3,49
29,8,12,25,4,28,28,2,49
30,8,14,25,4,28,28,2,49
31,8,17,25,4,28,28,3,49
32,8,10,26,3,28,28,3,49
33,8,5,27,3,28,27,3,49
34,8,5,28,3,28,27,3,49
35,8,7,29,3,28,28,3,50
36,8,9,29,3,28,28,3,50
37,7,7,30,3,28,28,3,50
38,7,7,31,2,28,27,3,50
39,5,4,32,3,28,28,2,50
40,4,7,33,2,28,28,1,49
41,4,10,33,3,28,27,1,49
42,4,12,33,2,28,28,1,49
43,4,15,33,3,29,28,1,49
44,4,16,34,2,28,29,1,50
45,4,13,34,3,29,29,1,50
46,4,15,34,3,29,29,2,50
47,5,19,34,2,29,29,2,49
48,4,19,34,3,28,29,2,49
49,4,19,34,3,28,29,2,49
50,4,16,34,3,28,29,2,49
51,5,11,35,3,28,29,2,49
52,4,14,35,4,28,29,2,49
53,4,12,36,4,28,29,2,49
54,4,8,37,4,28,29,1,49
55,4,8,37,4,28,29,1,50
56,4,8,38,4,28,29,1,50
57,4,10,38,4,28,29,1,50
58,4,14,38,4,28,29,1,50
59,4,11,37,4,28,28,1,51
60,4,12,37,4,28,28,1,51
61,4,15,36,4,28,29,2,50
62,4,9,36,4,28,29,1,50
63,2,13,35,4,28,29,1,47
64,2,13,36,3,28,29,1,47
65,2,12,36,4,28,29,1,47
66,2,5,37,4,29,29,1,47
67,2,8,38,4,28,29,1,47
68,2,11,39,3,29,29,2,48
69,2,10,39,4,28,29,3,47
70,2,7,40,4,29,30,3,47
71,2,8,41,4,30,30,3,47
72,2,5,42,4,29,30,3,48
73,2,9,43,4,29,30,3,48
74,2,5,44,3,29,30,3,48
75,2,3,45,3,28,30,3,49
76,2,4,46,3,29,29,2,49
77,2,5,47,3,29,29,2,50
78,2,7,48,2,29,29,2,50
79,2,10,48,2,30,29,1,50
80,3,10,49,2,30,29,1,50
81,2,13,48,3,29,29,1,50
82,2,21,47,3,29,29,1,50
83,2,17,47,3,29,29,1,50
84,2,16,47,3,30,30,1,50
85,2,20,46,3,30,30,1,50
86,2,13,46,3,30,29,2,51
87,2,12,46,3,31,30,1,51
88,4,8,47,3,32,30,1,51
89,2,9,48,3,32,30,2,51
90,2,10,49,3,32,30,3,51
91,2,12,49,4,32,30,3,52
92,2,16,49,3,32,30,3,51
93,2,20,48,3,32,30,2,51
94,2,22,47,4,32,30,2,51
95,2,20,47,4,32,30,1,51
96,2,19,46,4,32,29,1,51
97,2,18,46,3,32,29,2,51
98,2,19,44,3,32,29,1,52
99,2,16,43,3,32,29,1,52
100,2,19,44,3,32,29,1,53
101,2,13,44,3,33,29,1,52
102,2,13,45,3,33,29,1,52
103,2,13,45,3,33,28,1,52
104,2,13,46,4,32,29,1,52
105,2,13,45,4,33,29,1,53
106,2,17,45,4,33,29,2,53
107,2,19,45,4,33,29,1,54
108,2,15,45,4,32,29,1,54
109,2,21,45,4,32,29,1,54
110,2,16,44,4,32,30,2,54
111,2,17,42,4,32,30,3,53
112,2,17,42,4,32,31,3,53
113,2,16,42,4,31,31,3,54
114,2,15,41,5,31,32,4,53
115,2,23,40,5,31,31,4,53
116,2,24,39,5,31,31,4,53
117,2,14,40,5,31,31,4,54
118,4,13,40,5,31,31,3,54
119,4,12,40,6,31,31,3,53
120,5,12,40,5,31,31,2,53
121,4,15,41,5,32,31,2,53
122,4,18,41,5,32,31,2,53
123,4,9,42,5,32,31,2,53
124,5,11,42,5,32,31,2,53
125,3,8,42,5,32,31,2,54
126,3,9,41,5,32,32,2,54
127,4,12,41,5,31,32,2,54
128,4,10,42,5,31,31,2,55
129,4,13,43,5,30,31,2,55
130,4,12,43,5,30,31,3,55
131,4,14,44,5,29,31,3,55
132,5,6,46,5,29,32,3,55
133,4,6,47,5,29,32,3,54
134,4,7,47,5,29,32,2,54
135,5,5,47,5,29,32,2,54
136,4,8,47,5,28,33,2,54
137,4,9,48,5,29,32,2,54
138,4,7,48,5,29,32,2,54
139,4,7,49,4,29,31,2,54
140,4,5,49,6,29,31,2,54
141,4,6,50,6,29,31,2,54
142,4,11,48,6,29,31,2,54
143,4,18,46,6,30,31,2,54
144,4,18,45,6,30,31,1,54
145,2,19,44,6,30,31,1,54
146,2,15,44,6,29,31,2,53
147,2,7,45,6,29,31,3,52
148,2,5,46,7,29,31,3,52
149,2,6,47,7,29,32,2,53
150,2,11,46,7,29,32,2,54
151,2,14,44,7,29,32,2,55
152,2,16,43,7,29,32,2,55
153,2,16,42,7,29,32,1,56
154,4,14,39,8,29,32,1,56
155,4,7,40,8,29,32,1,55
156,5,6,40,8,29,31,1,55
157,4,11,40,8,29,32,1,56
158,4,16,38,8,29,31,1,55
159,4,13,39,8,29,31,1,55
160,4,10,37,9,29,32,1,55
161,6,15,37,9,29,31,1,56
162,6,12,37,6,29,31,1,56
163,6,13,37,6,29,32,2,55
164,6,9,38,7,30,31,2,55
165,7,16,38,7,30,31,2,56
166,6,11,38,6,30,32,2,55
167,6,9,39,6,29,32,2,55
168,6,11,38,6,29,32,1,55
169,6,14,39,7,29,32,1,55
170,6,9,39,6,29,31,1,55
171,5,6,39,6,28,30,1,56
172,4,6,39,6,29,31,1,59
173,4,8,40,6,29,31,1,60
174,4,10,40,6,29,31,1,61
175,4,5,41,6,29,31,1,61
176,4,2,42,6,29,30,1,60
177,4,3,43,6,29,30,1,60
178,4,3,44,6,29,30,1,60
179,4,4,45,7,30,31,1,60
180,4,5,45,7,30,31,1,60
181,4,6,46,7,30,30,1,61
182,4,7,46,7,30,30,1,62
183,4,8,45,7,31,30,1,62
184,4,12,45,7,31,30,2,62
185,4,9,45,7,31,30,2,62
186,4,7,46,7,31,29,2,62
187,4,9,46,7,30,29,2,62
188,4,13,45,7,31,29,2,62
189,4,11,45,7,31,30,2,62
190,4,12,45,7,30,30,2,62
191,4,10,45,6,31,30,3,62
192,4,10,44,6,31,30,3,62
193,4,10,43,6,31,30,3,62
194,4,7,43,7,31,30,4,62
195,3,7,44,7,31,30,3,61
196,4,6,44,7,31,29,4,62
197,3,8,44,7,32,29,4,61
198,2,9,44,7,31,29,3,59
199,2,11,43,7,31,29,4,58
200,2,7,44,7,31,29,4,58
1,10,60,11,3,30,30,3,50
2,20,69,10,3,29,30,3,49
3,20,25,11,3,29,30,3,49
4,20,18,12,3,30,30,3,49
5,20,15,12,3,29,29,3,49
6,19,11,13,3,29,30,2,49
7,18,8,14,3,29,29,2,49
8,18,4,16,2,29,29,2,49
9,18,5,17,2,29,29,2,49
10,18,5,18,2,30,29,2,49
11,18,8,19,2,30,29,3,49
12,18,5,20,2,31,29,3,48
13,17,10,20,2,31,29,3,48
14,15,14,20,2,31,29,3,48
15,16,9,21,2,31,29,3,49
16,18,12,21,2,31,29,2,49
17,18,10,22,2,31,30,2,49
18,18,12,22,2,31,30,2,49
19,18,17,22,2,31,29,2,50
20,18,16,22,2,31,29,2,50
21,17,17,23,2,31,30,2,49
22,16,16,23,3,32,29,2,49
23,18,19,23,3,32,29,3,50
24,16,15,23,3,32,29,3,50
25,14,14,24,3,32,29,2,50
26,14,12,24,3,32,29,2,50
27,14,10,25,3,32,30,2,50
28,14,10,25,4,32,30,2,50
29,14,6,26,4,32,29,2,50
30,14,6,26,3,32,30,2,50
31,15,9,27,3,32,30,3,50
32,14,8,27,3,32,30,3,50
33,14,11,28,2,31,30,3,50
34,13,16,29,2,32,31,3,50
35,12,13,29,2,31,30,3,51
36,12,16,30,2,32,30,3,50
37,11,15,30,2,32,30,3,51
38,10,19,30,2,32,30,3,52
39,10,17,31,2,32,30,3,53
40,10,16,31,3,32,30,4,53
41,9,14,31,2,32,30,3,52
42,9,15,30,2,32,30,3,51
43,8,16,30,3,32,30,3,51
44,8,18,30,3,32,30,3,51
45,8,17,30,3,32,30,3,51
46,8,16,28,4,32,30,3,51
47,9,17,26,5,33,29,3,52
48,6,22,24,5,33,29,3,52
49,4,22,24,5,34,28,3,54
50,4,17,23,5,34,28,3,54
51,5,20,23,5,33,28,2,56
52,4,16,23,5,33,28,2,56
53,4,17,22,5,34,27,1,56
54,4,23,20,6,34,27,1,55
55,4,25,20,6,34,27,1,55
56,6,19,20,6,34,27,1,53
57,7,14,20,6,34,27,1,53
58,7,11,21,6,34,27,2,53
59,8,8,21,6,34,27,2,54
60,6,10,22,6,35,26,2,53
61,6,9,23,6,35,27,1,54
62,6,8,24,6,35,27,1,54
63,6,11,23,6,36,27,1,54
64,6,15,23,6,36,27,1,54
65,6,11,22,6,36,28,1,55
66,6,16,22,6,36,28,1,55
67,6,14,22,6,36,27,1,55
68,6,18,21,6,35,27,2,55
69,6,18,21,6,35,28,1,55
70,6,17,21,6,36,27,1,54
71,6,15,21,6,36,28,1,54
72,6,15,21,5,36,27,2,54
73,8,19,20,5,36,26,2,52
74,8,24,20,5,37,26,2,52
75,8,14,21,5,37,25,2,52
76,7,20,20,5,37,25,2,53
77,6,12,21,4,37,25,2,53
78,8,9,21,4,37,25,2,52
79,8,8,22,4,37,25,2,53
80,8,10,23,5,37,25,2,53
81,8,8,24,5,37,25,2,53
82,8,8,24,5,37,24,3,53
83,7,9,24,5,37,24,2,53
84,6,7,25,5,38,24,1,54
85,6,5,25,5,37,24,1,54
86,5,6,26,5,37,24,1,55
87,4,6,26,5,38,24,1,57
88,4,8,26,5,38,24,1,57
89,4,9,26,5,38,24,1,57
90,4,11,26,5,38,24,1,56
91,4,11,26,5,38,24,1,56
92,4,12,25,5,37,24,2,57
93,4,14,25,5,38,24,2,58
94,4,18,25,5,38,24,2,58
95,4,18,23,6,38,25,2,58
96,4,15,22,6,38,25,2,58
97,4,21,23,6,38,25,2,58
98,4,11,23,6,38,25,2,58
99,4,15,23,6,38,25,2,58
100,4,12,23,6,38,25,2,58
101,5,14,23,5,38,25,2,59
102,5,12,23,6,38,25,3,60
103,4,14,23,6,38,25,3,59
104,3,10,23,5,38,25,3,58
105,2,14,23,5,38,25,2,55
106,2,14,22,5,38,25,2,55
107,4,13,21,5,38,26,2,55
108,5,12,22,6,38,26,2,55
109,4,12,22,6,38,26,3,55
110,4,11,22,7,38,26,3,54
111,4,7,23,8,38,26,3,54
112,3,6,23,8,39,27,3,53
113,2,7,24,8,40,26,1,52
114,2,6,24,8,39,26,1,51
115,2,8,22,8,39,26,2,51
116,3,12,22,8,40,26,2,51
117,4,14,20,8,39,25,3,51
118,4,16,18,8,40,25,3,51
119,5,16,17,8,40,25,3,50
120,4,13,17,8,39,25,2,50
121,4,15,17,8,39,25,1,51
122,4,11,17,7,38,25,1,50
123,4,14,17,7,39,25,1,50
124,4,12,17,7,41,25,1,50
125,6,17,16,7,41,26,1,50
126,5,22,14,7,41,26,1,50
127,4,24,14,7,41,26,1,51
128,4,25,13,7,41,26,1,52
129,4,21,13,7,41,26,1,53
130,4,15,13,7,40,25,1,53
131,4,12,13,6,40,26,1,53
132,4,15,13,6,41,25,1,54
133,4,16,12,6,41,26,1,54
134,4,10,13,6,41,26,1,54
135,2,17,12,6,41,26,2,56
136,2,13,12,6,41,26,2,56
137,2,12,13,6,41,26,1,56
138,2,18,12,6,41,27,1,56
139,2,20,11,6,41,27,1,56
140,2,29,11,6,41,27,1,56
141,2,20,11,5,41,26,1,56
142,2,24,11,5,41,26,1,55
143,2,23,11,5,41,27,1,54
144,2,17,12,5,42,27,1,54
145,2,9,12,5,42,27,1,54
146,2,15,12,5,42,27,1,53
147,2,17,12,6,42,27,1,53
148,2,17,12,6,43,27,1,52
149,2,14,12,5,42,27,1,52
150,4,17,12,6,43,27,1,52
151,4,16,13,5,42,27,1,52
152,4,13,13,5,43,28,1,52
153,4,12,13,5,43,27,1,52
154,4,12,14,5,44,27,1,52
155,4,9,14,5,44,27,1,52
156,4,8,15,4,44,27,1,52
157,4,6,15,4,44,26,1,53
158,4,6,16,4,44,27,1,53
159,4,8,17,4,44,27,1,53
160,4,7,18,4,44,26,1,53
161,4,8,18,4,44,27,1,53
162,4,10,18,4,45,26,2,53
163,4,15,18,4,44,26,2,53
164,4,17,17,5,44,26,2,52
165,5,17,16,5,45,26,2,52
166,4,19,16,5,45,26,2,51
167,4,13,15,4,45,25,3,51
168,3,17,15,5,45,25,2,50
169,2,14,15,5,45,25,1,48
170,2,16,15,4,45,25,1,47
171,2,15,15,4,45,25,1,47
172,2,10,16,4,45,25,2,47
173,2,13,16,4,44,25,2,47
174,2,13,16,4,44,24,2,47
175,2,17,16,4,44,25,1,47
176,2,22,15,4,44,25,1,47
177,2,23,14,4,44,25,1,47
178,2,29,13,4,44,25,1,46
179,2,31,14,5,44,24,1,46
180,2,22,14,5,44,24,1,45
181,2,14,14,5,44,24,1,45
182,2,14,15,5,45,24,2,45
183,2,17,14,5,44,24,2,45
184,2,14,15,5,44,24,2,45
185,3,16,15,5,44,24,2,45
186,2,9,15,5,44,25,2,45
187,3,7,16,5,45,25,2,45
188,2,12,16,5,45,25,3,45
189,2,15,16,5,45,24,4,45
190,2,15,15,5,45,25,5,44
191,2,14,14,5,45,25,5,44
192,2,17,14,5,45,24,4,44
193,2,12,14,5,44,24,3,43
194,2,10,15,5,44,24,3,43
195,2,10,15,5,44,25,4,44
196,2,16,14,5,44,25,3,45
197,2,21,13,6,44,25,3,45
198,2,24,13,5,44,24,2,44
199,2,14,13,6,45,25,2,44
200,2,6,14,6,45,23,2,44
1,10,60,10,3,30,30,3,50
2,20,76,9,2,29,30,2,50
3,20,31,10,2,30,30,2,49
4,20,19,11,3,30,30,2,49
5,20,15,12,2,30,30,2,50
6,20,12,13,2,30,30,2,50
7,20,9,14,2,29,30,2,49
8,19,9,15,2,30,30,2,49
9,18,9,15,3,30,29,2,50
10,17,11,16,2,30,30,2,50
11,17,6,18,2,30,29,2,50
12,16,7,18,2,30,29,2,50
13,16,7,19,2,30,29,2,50
14,16,13,20,2,30,29,2,50
15,15,12,21,2,30,29,2,50
16,14,10,22,2,30,30,2,50
17,14,7,22,2,29,30,2,50
18,16,9,23,2,30,30,3,49
19,16,12,23,2,30,30,3,49
20,16,19,23,2,30,30,3,49
21,16,16,24,2,30,30,3,50
22,15,14,24,3,31,29,3,50
23,14,17,24,3,31,29,3,50
24,14,15,24,4,31,28,3,50
25,14,13,23,4,31,28,2,51
26,14,10,23,5,31,28,2,51
27,14,10,23,6,31,28,2,51
28,12,7,24,6,31,28,2,52
29,12,9,25,6,31,28,1,52
30,12,9,25,6,32,27,2,52
31,12,6,26,6,31,28,2,52
32,12,4,27,6,33,28,2,51
33,11,5,28,6,32,28,2,51
34,10,6,28,6,32,28,1,50
35,10,10,27,6,33,28,1,50
36,10,14,26,6,33,28,1,49
37,10,18,23,6,33,28,2,49
38,10,24,23,6,33,28,2,49
39,10,12,24,6,33,28,2,49
40,10,7,24,6,34,29,2,49
41,10,6,25,5,34,29,3,49
42,10,3,26,4,34,30,3,49
43,9,3,27,4,34,30,3,49
44,8,3,28,4,34,30,4,49
45,8,5,29,4,34,29,4,49
46,7,4,30,5,34,30,4,49
47,6,5,30,5,34,30,4,48
48,5,7,30,5,34,29,4,48
49,4,10,30,5,34,29,4,48
50,4,14,29,5,34,29,4,48
51,6,13,29,5,34,29,4,47
52,5,13,29,5,34,29,5,47
53,4,9,30,5,34,29,5,48
54,3,12,29,5,33,29,4,49
55,2,16,27,5,33,29,2,51
56,2,19,27,5,33,29,1,50
57,2,17,28,5,33,29,1,50
58,2,14,28,5,33,29,1,50
59,2,10,27,5,33,29,1,50
60,2,15,27,5,33,29,1,50
61,2,14,28,5,33,29,1,51
62,2,12,28,5,33,29,1,51
63,2,12,28,5,33,29,1,51
64,2,17,28,5,33,29,2,51
65,2,18,28,5,33,29,2,52
66,2,13,28,5,33,29,2,52
67,2,20,27,5,33,29,2,52
68,2,18,25,6,33,29,2,52
69,2,14,26,6,33,29,2,52
70,2,9,25,6,33,29,3,51
71,2,10,25,6,33,29,3,50
72,2,13,24,6,33,29,2,50
73,2,13,23,6,33,28,2,51
74,2,14,23,6,33,27,2,51
75,2,13,23,6,33,27,2,51
76,3,10,23,6,33,28,1,51
77,2,10,23,6,33,28,1,52
78,2,10,22,6,33,28,1,52
79,2,11,22,6,33,28,1,53
80,4,10,23,6,33,29,1,53
81,4,6,23,7,33,28,1,54
82,4,6,24,7,33,29,1,53
83,4,8,24,7,33,29,1,53
84,4,11,24,7,33,29,1,53
85,4,17,22,7,32,29,1,53
86,4,15,21,7,33,29,2,53
87,6,16,22,7,32,29,1,53
88,6,8,22,7,33,29,1,53
89,8,6,22,6,33,29,1,54
90,8,6,23,6,33,30,1,54
91,8,7,23,6,32,29,1,54
92,8,9,23,5,32,30,2,55
93,8,12,23,5,32,30,2,55
94,8,12,23,5,32,30,2,56
95,8,11,24,5,33,30,2,56
96,8,8,25,5,35,29,2,56
97,8,13,24,5,35,29,2,56
98,8,14,25,5,35,29,2,56
99,11,12,25,5,36,29,2,57
100,10,9,26,5,35,29,2,57
101,10,10,26,5,36,29,2,57
102,12,10,27,5,35,29,2,58
103,12,12,27,5,36,29,2,58
104,12,15,27,5,36,29,1,57
105,13,13,28,5,36,29,1,58
106,12,10,28,5,36,27,1,57
107,12,8,28,5,36,28,2,57
108,12,5,29,5,37,28,2,57
109,12,6,30,5,36,28,2,58
110,13,5,30,4,37,28,2,58
111,14,4,31,5,37,27,2,59
112,12,4,32,5,36,27,2,58
113,12,4,32,5,36,27,2,58
114,12,6,33,5,36,27,2,58
115,12,7,32,6,35,27,2,58
116,12,7,33,5,36,27,2,58
117,12,6,34,5,35,27,3,58
118,11,9,34,5,35,27,2,58
119,10,8,33,5,35,28,2,58
120,10,13,32,5,35,28,2,58
121,10,16,31,5,36,28,2,57
122,10,23,30,5,36,27,2,57
123,10,24,29,5,36,27,2,57
124,10,20,29,5,36,27,2,57
125,11,11,30,5,36,26,2,57
126,10,13,30,5,36,27,2,57
127,10,11,31,5,37,27,3,57
128,10,10,31,5,37,27,2,57
129,9,9,32,6,36,27,2,57
130,8,9,33,6,37,27,2,57
131,8,8,33,6,39,27,1,57
132,8,11,32,6,39,27,1,57
133,8,18,31,6,39,27,1,57
134,8,15,30,6,39,27,1,57
135,8,16,30,6,39,26,2,57
136,8,14,29,6,39,27,2,57
137,9,11,28,6,39,27,2,57
138,11,9,29,7,39,27,2,56
139,10,7,30,6,39,27,2,56
140,9,7,30,7,38,27,3,56
141,9,7,30,7,39,26,2,56
142,8,6,30,6,39,27,2,55
143,8,10,30,6,38,27,2,55
144,9,13,29,7,39,27,1,55
145,8,15,28,6,38,27,1,55
146,9,13,28,6,39,27,1,54
147,10,15,27,6,39,27,1,54
148,10,13,26,6,39,27,1,55
149,13,10,26,6,39,27,1,55
150,12,5,27,7,40,27,1,55
151,12,5,28,7,41,28,1,54
152,10,4,29,7,41,27,1,55
153,10,7,28,7,41,27,1,55
154,10,7,29,7,42,27,1,55
155,10,8,29,6,42,28,1,55
156,10,5,29,6,42,28,2,55
157,7,3,30,6,42,28,2,56
158,6,4,31,6,42,28,1,56
159,6,4,32,6,42,28,1,56
160,6,5,32,6,42,28,1,56
161,6,4,33,5,42,28,1,56
162,6,7,33,5,42,28,2,56
163,6,10,33,5,42,28,2,56
164,6,12,33,5,42,28,2,56
165,6,19,32,5,42,28,2,56
166,7,15,32,5,43,28,2,55
167,6,12,30,6,42,28,2,56
168,6,13,30,6,42,28,3,56
169,5,12,30,5,43,28,2,56
170,6,15,30,5,43,28,3,56
171,5,17,29,5,42,28,2,56
172,4,16,29,5,42,28,2,56
173,4,20,28,5,42,28,2,56
174,4,18,25,6,42,28,1,56
175,4,21,25,5,42,28,1,55
176,5,12,26,6,43,28,1,56
177,4,13,26,5,43,28,2,55
178,4,10,27,6,43,27,2,55
179,4,5,28,5,43,27,2,55
180,4,7,29,5,43,27,3,55
181,4,7,29,5,43,26,2,56
182,5,7,29,5,42,27,3,57
183,4,12,30,5,42,27,3,57
184,2,7,30,5,41,27,3,61
185,2,7,31,4,42,27,3,61
186,2,9,30,5,42,27,3,60
187,2,11,30,5,42,28,3,60
188,2,14,29,5,42,28,3,60
189,2,19,26,5,42,28,2,60
190,4,22,25,5,42,28,2,60
191,4,18,25,5,43,27,3,60
192,4,14,25,6,42,27,3,60
193,4,14,25,6,43,28,3,60
194,6,8,26,6,43,28,3,60
195,6,4,27,6,42,27,3,60
196,6,7,27,6,42,27,3,59
197,6,12,27,6,42,27,3,59
198,6,15,26,6,42,27,3,59
199,7,17,26,6,42,27,3,60
200,7,13,26,5,43,26,3,59
1,10,60,1122,3,30,30,3,50
2,20,74,1029,2,29,30,3,49
3,20,27,1067,3,30,30,3,49
4,21,9,1182,2,30,30,3,50
5,21,4,1312,3,29,30,3,49
6,20,3,1450,3,30,30,3,49
7,19,4,1546,3,30,29,3,49
8,17,4,1659,3,30,29,3,49
9,14,4,1775,3,30,29,3,49
10,11,4,1844,2,30,29,3,49
11,9,5,1958,2,30,30,2,49
12,8,9,2004,2,30,29,2,50
13,8,15,1998,2,31,29,2,50
14,8,19,1949,2,30,29,2,50
15,8,21,1979,2,30,29,1,50
16,8,17,2033,2,30,29,1,50
17,8,14,2064,3,30,29,1,50
18,8,8,2164,3,30,30,1,50
19,8,11,2265,3,30,30,1,50
20,8,13,2348,3,30,30,2,50
21,8,11,2406,2,31,29,2,50
22,8,12,2436,2,30,29,1,51
23,8,14,2477,2,30,29,2,50
24,8,17,2553,2,31,29,2,50
25,8,8,2640,2,30,29,2,50
26,8,10,2704,2,30,28,1,50
27,8,7,2760,3,30,29,1,49
28,9,9,2772,3,30,30,2,49
29,8,14,2782,3,30,30,2,49
30,8,13,2843,2,30,30,2,49
31,8,14,2916,2,30,30,2,50
32,8,10,3028,2,30,30,2,50
33,8,9,3107,2,29,30,3,51
34,8,13,3157,2,30,30,3,51
35,8,13,3231,2,30,30,3,51
36,6,15,3275,2,30,30,3,51
37,4,18,3283,2,30,30,2,51
38,4,19,3255,2,30,30,2,52
39,4,20,3292,2,30,31,2,52
40,4,21,3258,2,30,30,2,53
41,4,22,3268,2,30,31,2,52
42,6,14,3278,2,29,32,3,52
43,6,12,3324,3,29,31,2,52
44,6,14,3335,3,30,31,2,52
45,6,18,3323,3,30,30,3,53
46,6,16,3303,3,30,30,2,53
47,6,19,3380,3,30,30,2,52
48,6,13,3458,3,31,30,2,52
49,6,14,3511,3,31,31,1,51
50,6,16,3495,4,31,31,1,52
51,6,18,3505,3,31,31,2,52
52,6,19,3385,4,31,31,1,51
53,6,23,3403,4,31,31,1,51
54,8,23,3363,4,31,31,1,51
55,8,23,3382,4,31,31,1,51
56,8,17,3282,5,31,32,1,51
57,8,19,3309,5,32,32,2,51
58,8,21,3277,5,31,32,2,51
59,8,12,3305,5,31,33,2,51
60,8,11,3399,5,31,34,2,50
61,8,7,3438,5,31,34,2,50
62,8,6,3462,5,31,34,2,50
63,8,10,3531,5,31,34,2,50
64,8,13,3508,5,31,34,2,50
65,8,11,3453,5,31,34,2,50
66,8,10,3523,5,32,33,2,50
67,8,9,3517,5,32,34,3,50
68,8,9,3544,5,31,35,3,50
69,10,7,3616,5,32,34,3,51
70,8,6,3680,5,31,34,3,50
71,6,7,3755,5,31,34,3,48
72,6,7,3831,5,31,35,3,49
73,6,9,3860,5,31,35,3,49
74,6,8,3904,5,32,35,3,49
75,8,8,3938,5,32,35,3,48
76,8,12,3947,5,32,33,3,48
77,8,16,3744,6,32,33,3,48
78,8,19,3677,6,32,32,3,49
79,8,20,3668,6,32,32,3,49
80,8,9,3704,6,32,31,3,48
81,9,6,3799,6,32,31,2,48
82,8,8,3824,6,32,31,2,48
83,8,6,3812,6,32,32,2,48
84,10,7,3806,5,32,32,2,49
85,10,10,3764,6,32,32,2,49
86,9,10,3822,5,32,33,2,49
87,8,9,3882,5,33,33,1,49
88,8,10,3934,5,33,32,2,49
89,8,12,3773,5,33,32,1,49
90,8,17,3795,5,32,32,1,49
91,8,17,3756,5,32,32,2,49
92,9,11,3858,5,33,32,2,49
93,8,5,3944,6,33,31,2,48
94,8,8,3959,6,33,31,2,48
95,8,8,3912,6,33,30,2,48
96,8,7,3916,6,33,30,3,49
97,9,8,3909,6,33,30,4,49
98,7,8,3864,6,32,30,3,48
99,6,11,3777,6,32,30,3,48
100,5,11,3737,7,32,30,3,48
101,5,9,3748,7,33,31,3,47
102,4,6,3853,7,33,31,2,48
103,4,7,3863,6,33,31,1,48
104,4,8,3755,6,33,31,1,48
105,4,14,3645,6,33,31,1,48
106,4,14,3483,6,32,31,1,47
107,4,18,3309,6,33,31,1,47
108,4,20,3193,6,33,31,1,47
109,4,21,3010,6,33,32,2,48
110,6,19,2940,6,33,32,2,49
111,6,16,2960,6,33,32,3,50
112,6,12,2997,6,33,32,3,49
113,6,11,3044,5,33,31,3,49
114,6,10,3097,6,33,32,3,48
115,6,5,3188,6,33,31,3,48
116,6,7,3290,6,33,31,3,49
117,5,4,3324,6,33,31,3,48
118,6,3,3422,6,33,31,3,49
119,5,2,3532,6,32,30,2,49
120,4,4,3594,6,32,30,2,48
121,4,6,3665,6,32,30,3,48
122,4,6,3643,6,32,30,3,49
123,3,10,3568,6,32,30,3,52
124,2,14,3489,6,32,30,2,58
125,3,12,3515,5,32,29,2,58
126,2,12,3452,5,32,30,2,58
127,2,10,3479,6,32,30,2,58
128,4,7,3566,6,32,30,2,58
129,4,7,3564,6,32,30,2,57
130,4,11,3535,6,32,30,2,57
131,4,11,3462,6,32,30,2,57
132,4,13,3367,6,32,31,2,57
133,4,17,3240,6,32,30,2,58
134,4,18,3124,6,32,30,2,58
135,3,12,3189,6,32,31,2,58
136,2,6,3293,7,32,30,2,58
137,2,4,3358,6,32,30,2,58
138,3,6,3446,7,32,30,2,58
139,2,8,3519,7,33,31,1,57
140,2,7,3585,7,32,31,1,57
141,2,8,3608,7,33,31,1,57
142,2,11,3531,7,33,31,1,57
143,2,9,3551,7,33,30,1,58
144,2,8,3437,7,33,30,1,59
145,2,13,3329,7,32,30,1,60
146,4,18,3192,7,33,30,1,60
147,4,18,3027,7,33,30,1,60
148,4,17,2893,7,32,30,1,60
149,4,10,2849,7,32,30,1,60
150,3,8,2946,7,32,30,1,59
151,4,5,3018,6,32,30,1,59
152,4,3,3139,6,32,29,1,59
153,4,2,3230,6,32,30,1,59
154,4,3,3344,6,32,30,2,58
155,4,2,3463,6,32,30,2,58
156,4,1,3571,6,32,30,2,58
157,4,2,3650,6,31,30,2,58
158,4,3,3697,6,31,30,2,58
159,4,4,3760,6,31,29,2,58
160,4,7,3707,6,31,29,2,58
161,4,11,3464,6,31,29,2,59
162,4,17,3256,7,31,29,1,59
163,4,23,2971,6,31,29,1,59
164,6,24,2907,7,31,29,1,59
165,6,18,2953,6,31,29,1,59
166,6,9,3008,6,32,29,1,59
167,6,5,3099,6,32,29,1,59
168,6,8,3182,6,32,29,2,59
169,6,12,3141,6,32,29,2,59
170,6,12,3174,6,32,30,2,59
171,6,14,3221,7,32,29,2,59
172,4,8,3276,7,32,29,1,59
173,4,7,3313,6,32,30,2,59
174,4,10,3339,6,32,29,1,58
175,5,8,3378,6,32,29,1,59
176,4,9,3368,7,32,29,2,59
177,4,13,3374,6,32,29,2,58
178,4,10,3453,6,32,29,2,58
179,4,3,3560,7,32,28,2,58
180,4,6,3593,7,32,27,1,58
181,4,8,3608,7,32,27,1,58
182,4,8,3610,7,31,27,1,57
183,4,8,3548,7,31,26,1,57
184,4,9,3541,8,31,26,2,58
185,4,11,3529,7,31,26,2,58
186,4,12,3470,7,31,26,2,58
187,4,10,3527,6,31,26,1,59
188,4,10,3550,6,31,26,1,59
189,4,9,3590,5,31,26,2,59
190,4,9,3663,5,31,26,2,60
191,4,5,3741,5,31,27,2,60
192,4,5,3854,5,31,26,2,60
193,4,2,3988,6,32,27,2,61
194,4,2,4086,6,33,28,2,61
195,4,3,4163,6,33,28,2,61
196,4,1,4280,6,33,28,2,61
197,4,1,4406,6,33,28,2,61
198,4,1,4535,6,33,28,2,62
199,4,2,4664,6,32,28,2,62
200,4,2,4774,6,32,27,3,62
1,10,60,1091,3,30,30,3,50
2,20,63,990,3,29,29,3,50
3,24,39,1037,3,29,29,2,50
4,24,21,1126,3,30,29,2,50
5,24,14,1205,3,30,29,2,50
6,23,10,1303,3,30,29,2,50
7,22,4,1444,3,30,29,2,50
8,22,1,1580,3,29,30,2,50
9,21,1,1711,3,29,30,2,50
10,20,1,1840,3,29,30,2,50
11,20,2,1951,3,29,30,2,50
12,20,3,2050,2,29,30,2,50
13,20,3,2137,3,29,30,2,51
14,20,4,2180,3,29,30,3,51
15,20,6,2213,3,29,30,3,51
16,20,11,2219,2,29,30,3,51
17,19,15,2235,2,29,30,3,51
18,18,18,2249,3,29,29,3,51
19,18,19,2205,2,29,29,4,51
20,18,22,2202,3,29,29,4,51
21,17,21,2225,3,29,29,4,51
22,14,19,2237,3,29,30,4,51
23,10,17,2288,3,29,29,4,52
24,8,16,2332,3,30,30,3,53
25,8,18,2357,4,29,30,3,54
26,7,12,2401,4,29,30,3,54
27,6,11,2481,4,29,31,2,53
28,6,6,2567,4,29,31,3,53
29,6,7,2510,5,28,31,3,52
30,6,10,2560,5,28,31,3,52
31,5,9,2648,4,28,31,3,53
32,4,9,2641,5,28,31,3,54
33,4,13,2565,5,29,31,3,54
34,5,13,2523,5,29,31,3,53
35,4,16,2481,5,30,31,4,54
36,4,17,2369,5,31,31,4,54
37,4,17,2367,6,31,31,4,54
38,4,7,2460,5,30,30,4,54
39,4,6,2553,5,31,30,3,54
40,4,4,2616,5,30,30,3,54
41,4,8,2683,5,30,30,3,54
42,4,7,2756,5,31,29,3,54
43,4,7,2774,5,32,28,3,55
44,4,6,2808,5,33,28,3,55
45,4,8,2881,4,34,28,2,55
46,4,9,2836,4,34,28,2,55
47,4,13,2761,5,34,28,2,54
48,4,14,2736,4,34,28,1,54
49,4,18,2677,4,34,28,1,55
50,5,14,2600,5,34,27,2,54
51,4,19,2463,5,34,27,2,53
52,4,18,2406,5,34,28,3,53
53,4,18,2356,5,34,28,3,53
54,4,16,2334,5,34,29,2,54
55,4,16,2327,5,34,29,2,54
56,4,13,2339,5,34,28,2,54
57,4,13,2375,5,34,28,3,54
58,4,12,2352,5,34,29,3,55
59,3,16,2279,5,34,29,3,56
60,2,17,2297,5,34,29,2,58
61,2,18,2277,6,34,28,2,58
62,2,15,2290,5,34,29,2,58
63,2,15,2187,6,34,28,2,58
64,2,13,2095,6,34,28,2,57
65,4,18,2091,6,33,28,2,57
66,4,15,2097,6,33,28,2,57
67,4,7,2160,7,32,29,2,56
68,4,6,2166,7,33,28,2,56
69,4,5,2214,8,33,27,2,56
70,4,7,2149,8,34,27,2,56
71,4,7,2098,9,35,27,2,55
72,4,9,2110,9,35,27,2,55
73,4,10,2056,9,35,27,1,56
74,4,10,1983,9,35,27,1,56
75,4,13,1883,9,35,27,2,56
76,4,14,1783,9,35,27,2,57
77,4,12,1832,9,35,27,2,58
78,5,9,1773,9,35,26,2,57
79,4,14,1729,9,35,26,2,58
80,4,9,1768,9,36,27,1,59
81,4,11,1737,10,36,27,1,59
82,4,7,1712,10,36,28,1,59
83,5,6,1744,11,36,27,2,59
84,4,11,1719,10,36,27,2,60
85,4,11,1730,10,36,26,2,60
86,5,10,1746,9,36,26,2,59
87,4,4,1827,12,36,28,2,60
88,4,3,1873,11,36,26,2,61
89,4,3,1978,9,35,24,2,61
90,4,2,2076,9,35,25,2,61
91,4,3,2154,9,35,25,2,61
92,4,3,2236,9,35,25,2,62
93,4,5,2259,9,35,25,1,62
94,4,4,2315,9,35,24,1,62
95,4,4,2303,9,35,24,2,62
96,4,4,2281,8,35,25,2,62
97,6,7,2206,8,35,25,2,64
98,6,9,2217,8,35,25,2,64
99,6,8,2245,8,34,25,2,63
100,8,6,2267,8,33,25,2,63
101,8,7,2359,8,33,25,2,63
102,8,3,2477,8,33,24,3,63
103,8,1,2627,7,34,25,3,62
104,8,1,2760,7,34,25,3,62
105,8,1,2881,7,34,25,3,61
106,8,2,2948,6,34,24,3,61
107,8,3,3025,7,33,24,3,61
108,7,5,3071,6,33,24,3,61
109,6,6,3029,6,33,24,3,61
110,6,7,3028,6,34,24,3,61
111,6,12,2774,6,34,24,2,62
112,6,16,2692,6,33,24,2,62
113,6,11,2534,6,33,24,2,63
114,8,14,2491,6,33,24,3,63
115,8,14,2496,5,34,24,3,63
116,10,11,2542,6,34,24,3,63
117,9,11,2536,6,33,25,3,63
118,9,11,2565,6,33,25,2,63
119,9,11,2607,6,33,24,2,63
120,8,12,2596,6,32,24,2,63
121,8,11,2565,6,33,25,2,63
122,9,13,2621,6,33,25,2,63
123,10,5,2723,6,33,25,2,63
124,8,7,2856,5,33,25,3,64
125,8,4,2956,4,34,24,3,64
126,8,4,3071,4,34,25,3,64
127,8,3,3201,4,34,24,2,64
128,8,2,3316,3,34,25,2,64
129,8,3,3439,3,34,25,3,64
130,8,4,3542,2,33,25,3,64
131,8,5,3624,2,34,25,3,64
132,8,7,3698,2,34,25,3,64
133,8,8,3755,2,33,25,3,64
134,8,13,3759,2,33,24,3,64
135,8,16,3786,2,33,24,4,64
136,8,13,3836,2,33,25,4,64
137,8,16,3890,2,33,25,4,64
138,9,17,3957,2,33,25,4,64
139,6,11,4020,2,33,25,4,63
140,4,10,4016,2,33,25,2,62
141,4,13,3975,3,33,25,2,62
142,4,19,3945,3,33,25,3,61
143,6,15,3892,3,34,25,3,61
144,9,13,3915,3,34,24,3,61
145,12,9,3985,3,34,24,4,61
146,11,10,4038,3,34,24,3,60
147,10,10,4070,3,34,23,3,60
148,9,12,4151,3,34,24,3,60
149,8,10,4219,3,34,24,3,60
150,8,6,4309,2,34,23,3,60
151,8,11,4388,2,34,23,3,59
152,8,15,4391,2,34,23,2,59
153,8,19,4493,2,34,23,2,58
154,8,9,4581,2,35,23,2,58
155,8,9,4642,2,34,23,2,58
156,8,12,4683,2,35,23,2,57
157,8,15,4737,2,35,23,2,57
158,8,16,4803,2,35,23,3,57
159,8,13,4842,2,36,23,3,57
160,8,12,4841,3,36,22,3,57
161,6,19,4837,3,36,23,2,57
162,6,14,4851,2,36,22,2,57
163,6,12,4850,2,36,22,2,58
164,6,14,4802,3,36,22,2,58
165,6,19,4842,3,36,23,2,57
166,6,14,4821,3,36,23,2,57
167,7,14,4836,3,37,22,2,57
168,7,14,4756,4,36,23,2,57
169,7,16,4747,4,36,23,2,56
170,7,16,4803,3,36,22,2,56
171,8,12,4872,3,36,22,2,56
172,8,13,4860,3,36,22,2,56
173,8,13,4872,3,35,22,2,56
174,8,13,4925,3,35,22,2,57
175,8,18,4964,3,35,22,2,57
176,8,18,5043,3,36,22,2,57
177,8,18,5097,3,36,22,2,56
178,8,20,5117,2,35,22,2,56
179,8,13,5184,2,36,22,2,56
180,8,12,5273,2,36,22,3,56
181,9,12,5362,2,35,22,3,56
182,8,16,5329,2,35,22,3,56
183,6,18,5389,2,35,22,2,56
184,6,24,5400,2,35,22,2,56
185,6,23,5357,3,35,21,2,56
186,8,20,5438,3,35,21,2,57
187,8,10,5526,3,35,22,2,57
188,8,14,5553,2,35,22,3,58
189,8,17,5539,2,35,22,3,58
190,8,19,5495,3,35,22,3,58
191,8,18,5480,3,35,21,3,58
192,8,12,5535,2,36,21,2,58
193,8,10,5530,2,36,21,3,58
194,9,13,5646,2,36,21,3,59
195,8,10,5694,2,35,21,3,58
196,8,10,5760,3,35,21,3,58
197,8,12,5727,3,35,21,3,58
198,8,11,5841,4,35,21,3,57
199,8,13,5881,4,34,20,3,57
200,8,16,5835,4,34,20,3,58
1,10,60,1021,3,30,30,3,50
2,20,70,1007,3,30,29,2,49
3,20,23,1099,3,29,30,3,49
4,20,16,1185,3,29,29,3,49
5,18,11,1232,3,29,29,3,49
6,16,11,1311,4,29,29,3,49
7,16,11,1330,4,30,29,3,49
8,16,18,1394,4,30,29,3,49
9,16,18,1394,4,30,29,3,49
10,15,20,1367,3,30,29,3,49
11,14,16,1412,4,31,30,3,49
12,13,9,1446,4,31,30,3,49
13,14,14,1507,4,31,30,3,49
14,13,15,1583,4,32,30,3,49
15,11,17,1606,4,32,30,3,50
16,10,15,1624,4,32,30,3,50
17,10,11,1631,4,31,30,3,50
18,10,17,1664,4,31,30,3,49
19,10,11,1742,4,31,30,3,49
20,9,9,1783,5,31,30,3,49
21,8,9,1844,5,31,29,3,49
22,7,11,1897,5,31,29,3,50
23,6,14,1927,5,31,29,2,50
24,6,13,1992,5,31,29,2,50
25,6,13,1984,5,31,29,3,50
26,6,11,1935,4,31,30,3,50
27,8,11,1995,5,31,30,3,51
28,8,14,2025,5,31,30,3,52
29,8,16,1980,5,31,29,4,52
30,9,16,1995,5,31,30,4,53
31,7,13,2050,5,31,30,3,53
32,6,12,2021,5,32,29,2,52
33,8,15,2007,5,32,29,3,54
34,7,21,1985,4,32,29,3,53
35,6,18,1973,4,32,29,2,52
36,7,12,2046,4,33,29,2,53
37,6,15,2105,4,33,29,2,51
38,6,12,2079,4,34,30,2,51
39,7,16,2110,4,34,29,2,52
40,6,17,2105,5,33,29,2,51
41,6,17,2168,4,33,29,2,51
42,6,21,2129,5,34,29,2,51
43,6,23,2160,4,34,29,2,51
44,5,13,2172,4,35,29,2,50
45,6,12,2222,4,35,30,2,51
46,5,13,2313,4,34,32,2,49
47,4,10,2398,4,36,30,1,46
48,4,7,2474,4,36,30,1,46
49,4,5,2602,2,34,31,1,46
50,4,5,2744,1,34,32,1,46
51,4,2,2890,1,35,32,1,46
52,4,2,3036,1,35,32,1,46
53,4,2,3184,1,35,32,1,45
54,4,1,3327,1,35,32,1,45
55,4,2,3472,1,34,32,1,45
56,4,2,3618,1,34,32,1,45
57,4,2,3759,1,34,32,2,45
58,4,3,3900,1,34,32,1,45
59,4,4,4032,1,34,31,1,44
60,4,5,4164,1,34,32,1,44
61,4,4,4289,1,34,32,1,44
62,4,7,4357,1,34,32,1,44
63,4,10,4381,1,34,32,1,44
64,4,11,4381,1,34,32,1,44
65,4,15,4358,2,34,32,1,43
66,4,20,4293,1,35,31,1,43
67,4,26,4145,1,34,31,2,42
68,4,38,3957,1,34,32,1,42
69,4,44,3877,2,34,32,1,42
70,4,33,3757,2,35,32,1,42
71,4,31,3714,2,35,32,1,42
72,4,33,3666,2,35,32,1,42
73,6,23,3651,2,35,32,1,44
74,6,18,3700,3,34,32,1,44
75,6,17,3681,3,34,33,1,44
76,6,20,3631,4,34,33,1,44
77,6,20,3649,4,34,33,1,44
78,6,12,3639,4,34,33,1,44
79,6,12,3655,4,34,32,1,44
80,6,12,3507,5,34,32,2,44
81,6,8,3536,6,34,32,2,44
82,6,8,3570,5,34,31,1,44
83,6,10,3549,5,34,31,1,44
84,6,11,3508,5,34,31,1,44
85,5,11,3442,5,35,31,2,46
86,4,13,3498,5,35,31,2,50
87,4,17,3500,5,35,31,2,50
88,4,15,3475,5,35,30,2,50
89,4,15,3459,5,35,30,3,49
90,4,18,3434,5,35,30,3,49
91,4,13,3381,6,35,30,2,49
92,4,15,3256,6,34,30,2,49
93,4,15,3254,6,34,31,2,49
94,4,12,3331,6,34,31,2,49
95,4,6,3408,6,35,30,2,48
96,4,7,3429,6,34,30,2,48
97,4,10,3480,5,35,30,2,49
98,4,9,3437,6,35,30,2,49
99,4,12,3463,6,35,31,1,50
100,4,13,3461,6,35,31,2,50
101,4,16,3432,5,35,30,2,51
102,4,16,3503,5,35,30,2,51
103,4,13,3572,5,35,30,2,50
104,4,8,3632,4,36,30,2,51
105,4,6,3693,4,35,30,2,51
106,5,5,3758,5,35,30,2,52
107,4,10,3828,5,35,30,1,51
108,4,8,3900,5,35,31,1,51
109,4,8,3869,4,34,31,1,51
110,4,15,3819,4,34,31,1,51
111,4,18,3735,4,34,31,2,52
112,6,19,3745,4,34,31,1,53
113,6,16,3846,4,33,31,2,53
114,6,7,3928,3,34,31,2,53
115,6,6,4037,3,35,31,1,53
116,6,5,4126,4,35,31,1,53
117,6,9,4224,4,35,31,1,53
118,6,11,4270,4,35,31,1,53
119,6,9,4333,4,35,31,2,53
120,6,9,4334,4,35,31,2,53
121,6,9,4326,4,35,31,2,53
122,6,11,4385,4,34,31,2,53
123,6,13,4316,4,35,31,3,53
124,6,17,4193,4,35,31,3,53
125,8,20,4156,4,35,31,3,54
126,7,23,4209,4,36,30,3,53
127,6,18,4224,4,35,30,2,53
128,6,22,4238,4,36,31,2,53
129,6,18,4223,4,36,31,2,54
130,8,14,4197,3,36,30,2,55
131,8,10,4225,3,36,30,2,54
132,8,13,4258,3,36,30,2,54
133,8,16,4336,3,36,30,3,54
134,8,10,4249,5,36,31,3,55
135,8,10,4238,5,36,31,3,55
136,8,9,4230,6,36,32,3,55
137,7,11,4218,5,36,32,2,57
138,6,13,4265,6,36,32,2,58
139,6,11,4228,5,36,32,2,57
140,6,11,4272,6,36,32,2,58
141,6,12,4339,5,37,32,2,58
142,6,8,4407,4,37,32,1,58
143,6,7,4498,3,37,31,1,58
144,6,7,4580,3,38,31,1,58
145,6,8,4616,4,38,31,1,59
146,6,7,4674,3,38,31,2,59
147,7,10,4690,3,38,31,2,59
148,7,14,4719,3,38,31,2,59
149,6,15,4682,3,38,30,2,59
150,6,25,4669,3,38,30,2,59
151,6,22,4673,3,37,30,2,59
152,6,21,4606,3,38,30,1,59
153,8,23,4597,3,38,29,2,59
154,8,17,4700,3,37,30,2,60
155,8,13,4770,3,37,29,2,60
156,8,11,4754,3,37,28,2,60
157,8,12,4780,3,37,29,2,60
158,8,14,4825,3,37,29,2,60
159,8,13,4896,3,37,29,3,60
160,8,14,4915,3,37,28,3,60
161,8,12,4954,3,37,28,4,60
162,10,11,5028,3,37,28,4,60
163,9,9,5052,3,37,27,3,60
164,8,13,5058,3,37,27,3,60
165,8,12,5069,3,37,27,2,60
166,8,17,5086,4,37,27,2,60
167,8,16,5081,4,38,27,2,60
168,8,14,5098,4,38,27,2,60
169,10,11,5113,5,38,27,3,61
170,12,6,5186,4,37,27,3,62
171,12,7,5255,4,37,28,3,62
172,12,8,5357,4,37,27,3,62
173,12,4,5496,5,38,29,2,61
174,12,2,5618,5,38,29,2,61
175,12,2,5724,5,38,28,2,61
176,11,2,5838,5,37,28,2,61
177,10,2,5960,5,37,28,2,62
178,10,2,6062,5,37,28,2,62
179,10,4,6111,5,37,29,2,62
180,9,5,6151,5,37,29,2,61
181,8,9,6197,5,37,28,2,61
182,8,16,6123,5,37,28,2,60
183,8,17,6042,5,37,28,2,60
184,8,14,6095,5,37,28,2,60
185,8,7,6088,5,37,28,2,60
186,8,7,6069,4,37,29,2,59
187,8,11,6069,4,37,29,2,59
188,8,17,5891,4,37,29,3,59
189,8,23,5753,4,37,29,3,59
190,7,23,5718,4,38,29,3,60
191,8,24,5706,4,37,29,4,60
192,7,12,5774,4,37,29,3,60
193,6,6,5859,4,37,29,2,61
194,6,6,5927,5,37,30,2,61
195,6,4,6041,5,37,30,3,60
196,6,5,6099,4,36,30,3,60
197,6,7,6171,4,36,30,4,60
198,6,9,6225,4,35,30,4,59
199,6,11,6191,4,35,30,4,59
200,6,14,6153,4,35,30,4,59
